# set	bench	threads	binary	round	wall_ns
serial	append/append.jl	1	vanilla	1	1603540756
serial	append/append.jl	1	regions	1	1624164621
serial	linked/tree.jl	1	vanilla	1	8781238164
serial	linked/tree.jl	1	regions	1	9117812664
serial	strings/strings.jl	1	vanilla	1	18662207871
serial	strings/strings.jl	1	regions	1	19353129256
serial	bigint/pollard.jl	1	vanilla	1	658310041
serial	bigint/pollard.jl	1	regions	1	663099258
serial	big_arrays/single_ref.jl	1	vanilla	1	419064606
serial	big_arrays/single_ref.jl	1	regions	1	400886767
serial	big_arrays/many_refs.jl	1	vanilla	1	1995042274
serial	big_arrays/many_refs.jl	1	regions	1	1821872378
multithreaded	mergesort_parallel/mergesort_parallel.jl	4	vanilla	1	1626546385
multithreaded	mergesort_parallel/mergesort_parallel.jl	4	regions	1	1604582348
multithreaded	mm_divide_and_conquer/mm_divide_and_conquer.jl	4	vanilla	1	800099705
multithreaded	mm_divide_and_conquer/mm_divide_and_conquer.jl	4	regions	1	794614605
multithreaded	big_arrays/issue-52937.jl	4	vanilla	1	9773608925
multithreaded	big_arrays/issue-52937.jl	4	regions	1	9897850623
serial	append/append.jl	1	vanilla	2	1633171507
serial	append/append.jl	1	regions	2	1631614209
serial	linked/tree.jl	1	vanilla	2	9559104278
serial	linked/tree.jl	1	regions	2	9111044072
serial	strings/strings.jl	1	vanilla	2	18798870340
serial	strings/strings.jl	1	regions	2	19034035099
serial	bigint/pollard.jl	1	vanilla	2	656794145
serial	bigint/pollard.jl	1	regions	2	663153395
serial	big_arrays/single_ref.jl	1	vanilla	2	405113428
serial	big_arrays/single_ref.jl	1	regions	2	411023890
serial	big_arrays/many_refs.jl	1	vanilla	2	1980549901
serial	big_arrays/many_refs.jl	1	regions	2	1824422417
multithreaded	mergesort_parallel/mergesort_parallel.jl	4	vanilla	2	1637038304
multithreaded	mergesort_parallel/mergesort_parallel.jl	4	regions	2	1608052298
multithreaded	mm_divide_and_conquer/mm_divide_and_conquer.jl	4	vanilla	2	807224289
multithreaded	mm_divide_and_conquer/mm_divide_and_conquer.jl	4	regions	2	791627579
multithreaded	big_arrays/issue-52937.jl	4	vanilla	2	9799289012
multithreaded	big_arrays/issue-52937.jl	4	regions	2	9828593588
serial	append/append.jl	1	vanilla	3	1609934570
serial	append/append.jl	1	regions	3	1619669549
serial	linked/tree.jl	1	vanilla	3	8964750343
serial	linked/tree.jl	1	regions	3	9032186111
serial	strings/strings.jl	1	vanilla	3	18546246021
serial	strings/strings.jl	1	regions	3	18598542212
serial	bigint/pollard.jl	1	vanilla	3	658036169
serial	bigint/pollard.jl	1	regions	3	658738043
serial	big_arrays/single_ref.jl	1	vanilla	3	452528778
serial	big_arrays/single_ref.jl	1	regions	3	397590712
serial	big_arrays/many_refs.jl	1	vanilla	3	1978842971
serial	big_arrays/many_refs.jl	1	regions	3	1814662360
multithreaded	mergesort_parallel/mergesort_parallel.jl	4	vanilla	3	1601220026
multithreaded	mergesort_parallel/mergesort_parallel.jl	4	regions	3	1590813370
multithreaded	mm_divide_and_conquer/mm_divide_and_conquer.jl	4	vanilla	3	803101119
multithreaded	mm_divide_and_conquer/mm_divide_and_conquer.jl	4	regions	3	795697398
multithreaded	big_arrays/issue-52937.jl	4	vanilla	3	9816450154
multithreaded	big_arrays/issue-52937.jl	4	regions	3	9856669307
serial	append/append.jl	1	vanilla	4	1604229175
serial	append/append.jl	1	regions	4	1626470823
serial	linked/tree.jl	1	vanilla	4	8669392388
serial	linked/tree.jl	1	regions	4	8781014073
serial	strings/strings.jl	1	vanilla	4	18334491081
serial	strings/strings.jl	1	regions	4	18402657988
serial	bigint/pollard.jl	1	vanilla	4	656497396
serial	bigint/pollard.jl	1	regions	4	657035261
serial	big_arrays/single_ref.jl	1	vanilla	4	434553048
serial	big_arrays/single_ref.jl	1	regions	4	397241493
serial	big_arrays/many_refs.jl	1	vanilla	4	1981273056
serial	big_arrays/many_refs.jl	1	regions	4	1818080381
multithreaded	mergesort_parallel/mergesort_parallel.jl	4	vanilla	4	1611907814
multithreaded	mergesort_parallel/mergesort_parallel.jl	4	regions	4	1602809105
multithreaded	mm_divide_and_conquer/mm_divide_and_conquer.jl	4	vanilla	4	785741883
multithreaded	mm_divide_and_conquer/mm_divide_and_conquer.jl	4	regions	4	801682843
multithreaded	big_arrays/issue-52937.jl	4	vanilla	4	9882310619
multithreaded	big_arrays/issue-52937.jl	4	regions	4	9833982006
serial	append/append.jl	1	vanilla	5	1642878905
serial	append/append.jl	1	regions	5	1615737800
serial	linked/tree.jl	1	vanilla	5	8960767287
serial	linked/tree.jl	1	regions	5	8991510868
serial	strings/strings.jl	1	vanilla	5	18678965365
serial	strings/strings.jl	1	regions	5	18707144508
serial	bigint/pollard.jl	1	vanilla	5	660107297
serial	bigint/pollard.jl	1	regions	5	658544849
serial	big_arrays/single_ref.jl	1	vanilla	5	442886744
serial	big_arrays/single_ref.jl	1	regions	5	395876307
serial	big_arrays/many_refs.jl	1	vanilla	5	1973877631
serial	big_arrays/many_refs.jl	1	regions	5	1814583462
multithreaded	mergesort_parallel/mergesort_parallel.jl	4	vanilla	5	1607124428
multithreaded	mergesort_parallel/mergesort_parallel.jl	4	regions	5	1617671930
multithreaded	mm_divide_and_conquer/mm_divide_and_conquer.jl	4	vanilla	5	801608292
multithreaded	mm_divide_and_conquer/mm_divide_and_conquer.jl	4	regions	5	768179263
multithreaded	big_arrays/issue-52937.jl	4	vanilla	5	9924247623
multithreaded	big_arrays/issue-52937.jl	4	regions	5	9864922350
serial	append/append.jl	1	vanilla	6	1598319173
serial	append/append.jl	1	regions	6	1622483199
serial	linked/tree.jl	1	vanilla	6	8425133455
serial	linked/tree.jl	1	regions	6	8620708444
serial	strings/strings.jl	1	vanilla	6	18244776505
serial	strings/strings.jl	1	regions	6	18361499523
serial	bigint/pollard.jl	1	vanilla	6	644464851
serial	bigint/pollard.jl	1	regions	6	656445177
serial	big_arrays/single_ref.jl	1	vanilla	6	410598368
serial	big_arrays/single_ref.jl	1	regions	6	395197958
serial	big_arrays/many_refs.jl	1	vanilla	6	1978968918
serial	big_arrays/many_refs.jl	1	regions	6	1810116723
multithreaded	mergesort_parallel/mergesort_parallel.jl	4	vanilla	6	1600628250
multithreaded	mergesort_parallel/mergesort_parallel.jl	4	regions	6	1594352538
multithreaded	mm_divide_and_conquer/mm_divide_and_conquer.jl	4	vanilla	6	798681790
multithreaded	mm_divide_and_conquer/mm_divide_and_conquer.jl	4	regions	6	798324997
multithreaded	big_arrays/issue-52937.jl	4	vanilla	6	9858924762
multithreaded	big_arrays/issue-52937.jl	4	regions	6	9865957903
serial	append/append.jl	1	vanilla	7	1615170019
serial	append/append.jl	1	regions	7	1626663557
serial	linked/tree.jl	1	vanilla	7	8453966862
serial	linked/tree.jl	1	regions	7	8765355997
serial	strings/strings.jl	1	vanilla	7	18218672307
serial	strings/strings.jl	1	regions	7	18455772012
serial	bigint/pollard.jl	1	vanilla	7	653517753
serial	bigint/pollard.jl	1	regions	7	652741528
serial	big_arrays/single_ref.jl	1	vanilla	7	398367357
serial	big_arrays/single_ref.jl	1	regions	7	394666465
serial	big_arrays/many_refs.jl	1	vanilla	7	1974520204
serial	big_arrays/many_refs.jl	1	regions	7	1810037644
multithreaded	mergesort_parallel/mergesort_parallel.jl	4	vanilla	7	1606420950
multithreaded	mergesort_parallel/mergesort_parallel.jl	4	regions	7	1599860271
multithreaded	mm_divide_and_conquer/mm_divide_and_conquer.jl	4	vanilla	7	769387714
multithreaded	mm_divide_and_conquer/mm_divide_and_conquer.jl	4	regions	7	790452792
multithreaded	big_arrays/issue-52937.jl	4	vanilla	7	9879053704
multithreaded	big_arrays/issue-52937.jl	4	regions	7	9837818025
serial	append/append.jl	1	vanilla	8	1609144429
serial	append/append.jl	1	regions	8	1632544073
serial	linked/tree.jl	1	vanilla	8	8417644464
serial	linked/tree.jl	1	regions	8	8922609497
serial	strings/strings.jl	1	vanilla	8	18796337289
serial	strings/strings.jl	1	regions	8	18504033144
serial	bigint/pollard.jl	1	vanilla	8	650884775
serial	bigint/pollard.jl	1	regions	8	665300096
serial	big_arrays/single_ref.jl	1	vanilla	8	422271914
serial	big_arrays/single_ref.jl	1	regions	8	397178344
serial	big_arrays/many_refs.jl	1	vanilla	8	1975840676
serial	big_arrays/many_refs.jl	1	regions	8	1824376931
multithreaded	mergesort_parallel/mergesort_parallel.jl	4	vanilla	8	1612521611
multithreaded	mergesort_parallel/mergesort_parallel.jl	4	regions	8	1598483232
multithreaded	mm_divide_and_conquer/mm_divide_and_conquer.jl	4	vanilla	8	786407749
multithreaded	mm_divide_and_conquer/mm_divide_and_conquer.jl	4	regions	8	809882264
multithreaded	big_arrays/issue-52937.jl	4	vanilla	8	9847204768
multithreaded	big_arrays/issue-52937.jl	4	regions	8	9818780422
serial	append/append.jl	1	vanilla	9	1606896798
serial	append/append.jl	1	regions	9	1617546724
serial	linked/tree.jl	1	vanilla	9	8654645772
serial	linked/tree.jl	1	regions	9	8864520936
serial	strings/strings.jl	1	vanilla	9	18473454658
serial	strings/strings.jl	1	regions	9	18504873594
serial	bigint/pollard.jl	1	vanilla	9	648111551
serial	bigint/pollard.jl	1	regions	9	660047945
serial	big_arrays/single_ref.jl	1	vanilla	9	402552295
serial	big_arrays/single_ref.jl	1	regions	9	406784060
serial	big_arrays/many_refs.jl	1	vanilla	9	1976514557
serial	big_arrays/many_refs.jl	1	regions	9	1820604090
multithreaded	mergesort_parallel/mergesort_parallel.jl	4	vanilla	9	1601509135
multithreaded	mergesort_parallel/mergesort_parallel.jl	4	regions	9	1609314844
multithreaded	mm_divide_and_conquer/mm_divide_and_conquer.jl	4	vanilla	9	799119007
multithreaded	mm_divide_and_conquer/mm_divide_and_conquer.jl	4	regions	9	784657537
multithreaded	big_arrays/issue-52937.jl	4	vanilla	9	9706203280
multithreaded	big_arrays/issue-52937.jl	4	regions	9	9817476335
serial	append/append.jl	1	vanilla	10	1614922618
serial	append/append.jl	1	regions	10	1623731501
serial	linked/tree.jl	1	vanilla	10	8887159205
serial	linked/tree.jl	1	regions	10	9071390624
serial	strings/strings.jl	1	vanilla	10	18699395976
serial	strings/strings.jl	1	regions	10	18570833945
serial	bigint/pollard.jl	1	vanilla	10	657994451
serial	bigint/pollard.jl	1	regions	10	669550297
serial	big_arrays/single_ref.jl	1	vanilla	10	427461140
serial	big_arrays/single_ref.jl	1	regions	10	412959504
serial	big_arrays/many_refs.jl	1	vanilla	10	1981753285
serial	big_arrays/many_refs.jl	1	regions	10	1809179122
multithreaded	mergesort_parallel/mergesort_parallel.jl	4	vanilla	10	1615151528
multithreaded	mergesort_parallel/mergesort_parallel.jl	4	regions	10	1629422759
multithreaded	mm_divide_and_conquer/mm_divide_and_conquer.jl	4	vanilla	10	772718789
multithreaded	mm_divide_and_conquer/mm_divide_and_conquer.jl	4	regions	10	791569760
multithreaded	big_arrays/issue-52937.jl	4	vanilla	10	9680993683
multithreaded	big_arrays/issue-52937.jl	4	regions	10	9869308369
