# binary	round	threads	gcthreads	collection	wall_ms	mark_ms	sweep_ms	safepoint_us	live_mb
vanilla	1	1	1	1	48.397	43.979	4.392	2.465	55.1
vanilla	1	1	1	2	42.358	37.759	4.546	20.198	55.1
vanilla	1	1	1	3	39.504	35.451	4.02	7.134	55.1
vanilla	1	1	1	4	39.457	35.336	4.093	4.979	55.1
vanilla	1	1	1	5	39.657	35.6	4.027	6.121	55.1
vanilla	1	1	1	6	39.619	35.632	3.956	6.772	55.1
vanilla	1	1	1	7	39.544	35.592	3.921	7.605	55.1
vanilla	1	1	1	8	39.556	35.569	3.958	6.372	55.1
vanilla	1	1	1	9	39.526	35.597	3.9	5.17	55.1
vanilla	1	1	1	10	39.513	35.532	3.952	5.461	55.1
vanilla	1	1	1	11	39.625	35.675	3.92	5.821	55.1
vanilla	1	1	1	12	40.08	36.058	3.992	6.142	55.1
regions	1	1	1	1	48.746	44.696	4.027	3.557	55.1
regions	1	1	1	2	43.098	38.486	4.561	20.148	55.1
regions	1	1	1	3	40.403	36.303	4.065	5.701	55.1
regions	1	1	1	4	41.016	36.89	4.097	6.653	55.1
regions	1	1	1	5	40.549	36.601	3.919	5.6	55.1
regions	1	1	1	6	40.449	36.409	4.013	5.45	55.1
regions	1	1	1	7	40.367	36.402	3.935	6.652	55.1
regions	1	1	1	8	40.137	36.151	3.957	5.31	55.1
regions	1	1	1	9	40.26	36.328	3.903	5.19	55.1
regions	1	1	1	10	40.432	36.38	4.015	6.201	55.1
regions	1	1	1	11	40.854	36.669	4.154	6.062	55.1
regions	1	1	1	12	41.087	37.098	3.956	5.36	55.1
vanilla	1	4	2	1	56.183	48.735	7.414	7.124	151.1
vanilla	1	4	2	2	57.682	49.97	7.663	14.527	151.1
vanilla	1	4	2	3	56.349	48.856	7.46	4.819	151.1
vanilla	1	4	2	4	56.732	49.245	7.455	5.51	151.1
vanilla	1	4	2	5	56.587	49.042	7.513	5.44	151.1
vanilla	1	4	2	6	56.201	48.638	7.53	6.883	151.1
vanilla	1	4	2	7	56.738	49.177	7.523	6.573	151.1
vanilla	1	4	2	8	56.771	49.289	7.448	5.33	151.1
vanilla	1	4	2	9	56.702	49.197	7.474	5.19	151.1
vanilla	1	4	2	10	56.523	48.688	7.518	291.58	151.1
vanilla	1	4	2	11	55.583	47.988	7.56	4.469	151.1
vanilla	1	4	2	12	56.141	48.674	7.434	4.809	151.1
regions	1	4	2	1	57.85	50.496	7.326	4.949	151.1
regions	1	4	2	2	58.534	50.933	7.554	9.367	151.1
regions	1	4	2	3	58.164	50.653	7.482	5.441	151.1
regions	1	4	2	4	58.872	51.239	7.599	5.892	151.1
regions	1	4	2	5	58.717	50.978	7.699	5.27	151.1
regions	1	4	2	6	58.25	50.753	7.459	6.171	151.1
regions	1	4	2	7	58.288	50.657	7.6	6.502	151.1
regions	1	4	2	8	58.288	50.625	7.629	6.172	151.1
regions	1	4	2	9	59.428	51.782	7.611	6.803	151.1
regions	1	4	2	10	58.737	51.03	7.659	23.764	151.1
regions	1	4	2	11	58.049	50.473	7.548	4.388	151.1
regions	1	4	2	12	58.523	50.723	7.768	4.067	151.1
vanilla	1	8	4	1	70.889	61.234	9.609	7.163	279.2
vanilla	1	8	4	2	58.548	48.84	9.643	21.841	279.2
vanilla	1	8	4	3	57.987	48.296	9.652	7.394	279.2
vanilla	1	8	4	4	56.227	46.63	9.546	8.446	279.2
vanilla	1	8	4	5	55.883	46.178	9.65	9.828	279.2
vanilla	1	8	4	6	57.978	48.329	9.597	8.997	279.2
vanilla	1	8	4	7	56.158	46.446	9.668	9.277	279.2
vanilla	1	8	4	8	57.155	47.421	9.689	8.165	279.2
vanilla	1	8	4	9	69.319	59.581	9.692	8.365	279.2
vanilla	1	8	4	10	57.97	47.897	9.743	300.457	279.2
vanilla	1	8	4	11	57.135	47.173	9.926	5.921	279.2
vanilla	1	8	4	12	61.781	51.536	10.204	5.47	279.2
regions	1	8	4	1	71.011	60.588	10.384	7.725	279.2
regions	1	8	4	2	60.571	50.234	10.29	8.997	279.2
regions	1	8	4	3	64.281	53.759	10.486	5.21	279.2
regions	1	8	4	4	59.979	49.34	10.604	6.032	279.2
regions	1	8	4	5	60.7	50.153	10.513	5.16	279.2
regions	1	8	4	6	60.847	50.391	10.419	6.662	279.2
regions	1	8	4	7	60.13	49.547	10.545	6.582	279.2
regions	1	8	4	8	59.065	48.501	10.527	6.352	279.2
regions	1	8	4	9	60.597	49.663	10.564	338.929	279.2
regions	1	8	4	10	59.246	48.672	10.539	4.819	279.2
regions	1	8	4	11	60.13	49.542	10.552	5.04	279.2
regions	1	8	4	12	59.156	48.548	10.573	5.159	279.2
vanilla	1	16	8	1	76.116	60.307	15.752	11.772	535.2
vanilla	1	16	8	2	72.492	57.025	15.401	17.073	535.2
vanilla	1	16	8	3	66.078	50.324	15.706	8.506	535.2
vanilla	1	16	8	4	72.669	55.998	16.626	7.294	535.2
vanilla	1	16	8	5	67.199	50.788	16.367	7.314	535.2
vanilla	1	16	8	6	81.391	64.479	16.856	8.045	535.2
vanilla	1	16	8	7	72.27	55.931	16.283	10.41	535.2
vanilla	1	16	8	8	64.57	48.496	15.806	230.054	535.2
vanilla	1	16	8	9	71.444	55.733	15.658	5.751	535.2
vanilla	1	16	8	10	62.821	46.417	16.359	7.434	535.2
vanilla	1	16	8	11	65.602	48.609	16.943	5.922	535.2
vanilla	1	16	8	12	67.49	51.413	16.032	8.235	535.2
regions	1	16	8	1	77.518	60.343	17.135	6.392	535.2
regions	1	16	8	2	76.264	59.01	17.192	23.665	535.2
regions	1	16	8	3	75.547	57.912	17.586	8.146	535.2
regions	1	16	8	4	72.247	54.632	17.572	7.644	535.2
regions	1	16	8	5	70.663	54.371	16.255	7.765	535.2
regions	1	16	8	6	69.523	52.336	17.14	6.111	535.2
regions	1	16	8	7	68.156	51.753	16.325	29.406	535.2
regions	1	16	8	8	68.206	51.185	16.976	7.684	535.2
regions	1	16	8	9	75.68	56.741	18.896	4.599	535.2
regions	1	16	8	10	68.335	50.935	17.351	7.314	535.2
regions	1	16	8	11	66.382	49.142	17.189	6.973	535.2
regions	1	16	8	12	68.494	51.495	16.955	7.855	535.2
vanilla	1	32	16	1	92.017	67.427	24.537	7.844	1047.2
vanilla	1	32	16	2	85.455	60.761	24.623	13.195	1047.3
vanilla	1	32	16	3	77.964	53.174	24.734	8.847	1047.3
vanilla	1	32	16	4	84.514	59.155	25.296	6.442	1047.3
vanilla	1	32	16	5	81.786	56.74	24.979	8.416	1047.3
vanilla	1	32	16	6	82.883	58.171	24.645	21.17	1047.3
vanilla	1	32	16	7	81.208	56.693	24.463	5.26	1047.3
vanilla	1	32	16	8	82.229	57.606	24.575	6.923	1047.3
vanilla	1	32	16	9	75.886	51.322	24.506	7.394	1047.3
vanilla	1	32	16	10	92.271	67.592	24.63	8.115	1047.3
vanilla	1	32	16	11	81.055	56.466	24.539	6.672	1047.3
vanilla	1	32	16	12	83.189	58.587	24.551	8.356	1047.3
regions	1	32	16	1	106.479	80.269	26.143	12.233	1047.2
regions	1	32	16	2	89.549	60.434	29.047	12.413	1047.3
regions	1	32	16	3	88.398	61.616	26.725	8.155	1047.3
regions	1	32	16	4	87.442	61.087	26.292	6.111	1047.3
regions	1	32	16	5	93.134	66.826	26.252	7.635	1047.3
regions	1	32	16	6	91.395	64.568	26.754	25.488	1047.3
regions	1	32	16	7	93.376	66.993	26.334	4.659	1047.3
regions	1	32	16	8	87.181	60.711	26.417	6.302	1047.3
regions	1	32	16	9	93.468	67.041	26.372	6.903	1047.3
regions	1	32	16	10	90.081	63.59	26.443	6.282	1047.3
regions	1	32	16	11	91.226	64.822	26.341	6.132	1047.3
regions	1	32	16	12	88.484	62.03	26.403	7.314	1047.3
regions	2	1	1	1	48.917	44.765	4.128	2.514	55.1
regions	2	1	1	2	43.719	38.826	4.842	11.662	55.1
regions	2	1	1	3	40.92	36.705	4.185	4.469	55.1
regions	2	1	1	4	41.478	37.091	4.36	3.136	55.1
regions	2	1	1	5	40.801	36.559	4.215	3.777	55.1
regions	2	1	1	6	41.831	37.603	4.203	3.898	55.1
regions	2	1	1	7	41.112	36.971	4.114	3.407	55.1
regions	2	1	1	8	40.86	36.638	4.193	4.368	55.1
regions	2	1	1	9	41.319	37.262	4.033	4.268	55.1
regions	2	1	1	10	40.863	36.59	4.25	3.116	55.1
regions	2	1	1	11	40.854	36.837	3.996	3.276	55.1
regions	2	1	1	12	41.214	36.996	4.194	2.394	55.1
vanilla	2	1	1	1	48.387	43.938	4.421	4.608	55.1
vanilla	2	1	1	2	43.004	37.81	5.143	12.254	55.1
vanilla	2	1	1	3	40.009	35.854	4.109	6.812	55.1
vanilla	2	1	1	4	39.911	35.631	4.236	5.671	55.1
vanilla	2	1	1	5	39.979	35.551	4.391	6.863	55.1
vanilla	2	1	1	6	39.851	35.777	4.043	7.084	55.1
vanilla	2	1	1	7	39.523	35.545	3.933	6.312	55.1
vanilla	2	1	1	8	40.022	35.6	4.387	8.596	55.1
vanilla	2	1	1	9	39.772	35.717	4.024	6.152	55.1
vanilla	2	1	1	10	39.673	35.608	4.021	6.352	55.1
vanilla	2	1	1	11	40.031	35.631	4.363	9.107	55.1
vanilla	2	1	1	12	39.765	35.625	4.098	6.422	55.1
regions	2	4	2	1	58.369	50.475	7.859	7.574	151.1
regions	2	4	2	2	60.134	51.98	8.096	22.623	151.1
regions	2	4	2	3	58.759	50.776	7.945	9.067	151.1
regions	2	4	2	4	58.661	50.609	8.013	8.536	151.1
regions	2	4	2	5	58.612	50.561	8.014	8.375	151.1
regions	2	4	2	6	58.751	50.663	8.052	9.878	151.1
regions	2	4	2	7	58.503	50.516	7.953	8.015	151.1
regions	2	4	2	8	58.652	50.648	7.964	8.506	151.1
regions	2	4	2	9	58.623	50.434	8.02	140.936	151.1
regions	2	4	2	10	58.286	50.384	7.864	5.56	151.1
regions	2	4	2	11	58.681	50.745	7.901	5.541	151.1
regions	2	4	2	12	58.935	50.99	7.913	5.971	151.1
vanilla	2	4	2	1	56.699	49.261	7.403	7.764	151.1
vanilla	2	4	2	2	58.83	51.108	7.671	17.854	151.1
vanilla	2	4	2	3	56.601	49.011	7.542	7.174	151.1
vanilla	2	4	2	4	56.394	48.826	7.529	10.57	151.1
vanilla	2	4	2	5	56.378	48.793	7.55	8.096	151.1
vanilla	2	4	2	6	57.019	49.411	7.573	8.065	151.1
vanilla	2	4	2	7	56.509	48.743	7.73	8.917	151.1
vanilla	2	4	2	8	57.084	49.455	7.6	9.208	151.1
vanilla	2	4	2	9	56.749	48.634	8.084	6.092	151.1
vanilla	2	4	2	10	57.271	49.6	7.618	28.343	151.1
vanilla	2	4	2	11	58.487	50.647	7.81	4.459	151.1
vanilla	2	4	2	12	57.257	49.644	7.581	5.39	151.1
regions	2	8	4	1	67.627	57.263	10.32	5.149	279.2
regions	2	8	4	2	60.263	49.983	10.219	21.551	279.2
regions	2	8	4	3	59.592	49.579	9.964	7.644	279.2
regions	2	8	4	4	59.184	49.219	9.915	9.067	279.2
regions	2	8	4	5	65.59	55.472	10.068	8.816	279.2
regions	2	8	4	6	61.247	51.219	9.995	6.843	279.2
regions	2	8	4	7	59.79	49.371	10.366	6.502	279.2
regions	2	8	4	8	65.374	55.309	10.025	8.636	279.2
regions	2	8	4	9	58.88	48.755	10.088	7.024	279.2
regions	2	8	4	10	59.956	49.451	10.168	299.154	279.2
regions	2	8	4	11	58.595	48.451	10.104	6.362	279.2
regions	2	8	4	12	58.89	48.615	10.237	4.649	279.2
vanilla	2	8	4	1	75.194	65.005	10.147	9.228	279.2
vanilla	2	8	4	2	66.935	57.045	9.84	12.855	279.2
vanilla	2	8	4	3	58.042	48.186	9.818	8.676	279.2
vanilla	2	8	4	4	57.676	47.722	9.914	8.025	279.2
vanilla	2	8	4	5	60.165	50.165	9.965	7.244	279.2
vanilla	2	8	4	6	66.552	56.619	9.896	7.985	279.2
vanilla	2	8	4	7	72.222	62.208	9.981	7.334	279.2
vanilla	2	8	4	8	62.236	52.26	9.939	6.041	279.2
vanilla	2	8	4	9	58.598	48.452	10.109	5.4	279.2
vanilla	2	8	4	10	57.508	47.492	9.965	26.6	279.2
vanilla	2	8	4	11	59.347	48.769	10.551	3.196	279.2
vanilla	2	8	4	12	59.188	49.07	10.088	4.669	279.2
regions	2	16	8	1	83.596	66.893	16.661	7.705	535.2
regions	2	16	8	2	69.852	53.002	16.803	11.131	535.2
regions	2	16	8	3	67.923	51.434	16.434	6.913	535.2
regions	2	16	8	4	67.458	49.548	17.856	8.506	535.2
regions	2	16	8	5	68.286	51.673	16.567	10.75	535.2
regions	2	16	8	6	70.809	53.024	17.74	5.881	535.2
regions	2	16	8	7	71.826	54.574	17.205	8.796	535.2
regions	2	16	8	8	73.105	56.922	16.121	28.614	535.2
regions	2	16	8	9	69.238	53.533	15.668	5.771	535.2
regions	2	16	8	10	67.903	50.601	17.261	4.068	535.2
regions	2	16	8	11	67.245	50.08	17.11	7.344	535.2
regions	2	16	8	12	67.556	50.484	17.024	7.775	535.2
vanilla	2	16	8	1	72.29	56.701	15.542	9.137	535.2
vanilla	2	16	8	2	66.603	49.483	17.056	15.038	535.2
vanilla	2	16	8	3	65.068	49.001	16.006	12.564	535.2
vanilla	2	16	8	4	63.48	47.632	15.792	8.747	535.2
vanilla	2	16	8	5	68.38	52.15	16.181	8.686	535.2
vanilla	2	16	8	6	63.573	47.643	15.873	8.265	535.2
vanilla	2	16	8	7	63.099	47.17	15.874	8.095	535.2
vanilla	2	16	8	8	63.478	47.381	16.053	8.666	535.2
vanilla	2	16	8	9	63.794	47.513	16.218	22.733	535.2
vanilla	2	16	8	10	65.908	49.783	16.068	8.085	535.2
vanilla	2	16	8	11	68.491	51.821	16.617	7.735	535.2
vanilla	2	16	8	12	68.337	52.23	16.055	7.524	535.2
regions	2	32	16	1	102.78	74.391	28.319	10.44	1047.2
regions	2	32	16	2	86.312	59.484	26.752	12.905	1047.3
regions	2	32	16	3	89.107	62.55	26.491	7.685	1047.3
regions	2	32	16	4	87.497	61.325	26.121	8.336	1047.3
regions	2	32	16	5	86.724	60.466	26.208	6.453	1047.3
regions	2	32	16	6	85.061	58.761	26.225	30.768	1047.3
regions	2	32	16	7	86.243	59.492	26.681	5.51	1047.3
regions	2	32	16	8	88.089	61.674	26.367	7.595	1047.3
regions	2	32	16	9	87.73	60.826	26.852	6.061	1047.3
regions	2	32	16	10	91.75	64.977	26.708	6.372	1047.3
regions	2	32	16	11	87.992	61.212	26.725	7.805	1047.3
regions	2	32	16	12	89.799	63.32	26.411	6.733	1047.3
vanilla	2	32	16	1	95.267	68.587	26.607	11.071	1047.2
vanilla	2	32	16	2	87.677	62.073	25.524	22.653	1047.3
vanilla	2	32	16	3	87.322	60.961	26.294	7.404	1047.3
vanilla	2	32	16	4	85.095	59.159	25.861	13.055	1047.3
vanilla	2	32	16	5	88.676	62.814	25.802	9.338	1047.3
vanilla	2	32	16	6	86.736	61.512	25.131	27.593	1047.3
vanilla	2	32	16	7	86.617	60.774	25.767	8.777	1047.3
vanilla	2	32	16	8	82.504	57.194	25.23	8.416	1047.3
vanilla	2	32	16	9	83.767	58.118	25.577	9.097	1047.3
vanilla	2	32	16	10	86.227	60.616	25.532	8.977	1047.3
vanilla	2	32	16	11	73.787	48.454	25.272	10.139	1047.3
vanilla	2	32	16	12	92.005	64.736	27.212	7.935	1047.3
vanilla	3	1	1	1	48.134	43.889	4.223	4.318	55.1
vanilla	3	1	1	2	42.074	37.456	4.579	13.184	55.1
vanilla	3	1	1	3	40.687	36.514	4.14	6.733	55.1
vanilla	3	1	1	4	40.234	36.06	4.144	6.563	55.1
vanilla	3	1	1	5	39.911	35.734	4.15	6.452	55.1
vanilla	3	1	1	6	39.74	35.566	4.141	3.837	55.1
vanilla	3	1	1	7	40.172	36.0	4.142	6.352	55.1
vanilla	3	1	1	8	40.155	35.986	4.143	6.202	55.1
vanilla	3	1	1	9	39.692	35.558	4.104	5.61	55.1
vanilla	3	1	1	10	39.894	35.801	4.07	5.42	55.1
vanilla	3	1	1	11	39.336	35.4	3.912	3.697	55.1
vanilla	3	1	1	12	40.008	35.859	4.126	4.097	55.1
regions	3	1	1	1	48.66	44.507	4.132	2.885	55.1
regions	3	1	1	2	43.511	39.021	4.45	10.73	55.1
regions	3	1	1	3	41.582	37.326	4.223	5.13	55.1
regions	3	1	1	4	41.746	37.409	4.31	5.29	55.1
regions	3	1	1	5	41.885	37.455	4.398	5.2	55.1
regions	3	1	1	6	41.062	36.911	4.12	5.23	55.1
regions	3	1	1	7	41.798	37.452	4.318	5.67	55.1
regions	3	1	1	8	41.222	36.817	4.373	5.32	55.1
regions	3	1	1	9	41.277	37.031	4.212	7.445	55.1
regions	3	1	1	10	42.437	38.098	4.311	5.51	55.1
regions	3	1	1	11	41.458	37.024	4.404	4.629	55.1
regions	3	1	1	12	41.205	36.951	4.226	6.573	55.1
vanilla	3	4	2	1	57.268	49.719	7.512	9.107	151.1
vanilla	3	4	2	2	57.687	49.99	7.637	20.188	151.1
vanilla	3	4	2	3	57.422	49.714	7.676	7.785	151.1
vanilla	3	4	2	4	57.004	48.954	8.013	7.514	151.1
vanilla	3	4	2	5	57.467	49.668	7.77	7.764	151.1
vanilla	3	4	2	6	56.862	49.203	7.632	5.821	151.1
vanilla	3	4	2	7	57.253	49.369	7.853	5.951	151.1
vanilla	3	4	2	8	56.94	49.291	7.62	6.322	151.1
vanilla	3	4	2	9	57.084	49.493	7.561	6.382	151.1
vanilla	3	4	2	10	56.806	49.144	7.61	26.37	151.1
vanilla	3	4	2	11	56.828	49.158	7.639	4.588	151.1
vanilla	3	4	2	12	57.246	49.566	7.649	5.33	151.1
regions	3	4	2	1	58.34	50.634	7.646	25.899	151.1
regions	3	4	2	2	59.196	51.501	7.641	13.115	151.1
regions	3	4	2	3	60.041	51.765	8.225	8.727	151.1
regions	3	4	2	4	58.103	50.522	7.546	9.889	151.1
regions	3	4	2	5	58.585	50.674	7.868	5.861	151.1
regions	3	4	2	6	58.168	50.72	7.412	8.416	151.1
regions	3	4	2	7	58.211	50.642	7.535	6.783	151.1
regions	3	4	2	8	58.091	50.578	7.48	8.517	151.1
regions	3	4	2	9	58.05	50.576	7.44	7.734	151.1
regions	3	4	2	10	58.585	50.678	7.639	241.355	151.1
regions	3	4	2	11	57.904	50.446	7.427	4.949	151.1
regions	3	4	2	12	58.245	50.291	7.922	4.999	151.1
vanilla	3	8	4	1	66.064	56.193	9.841	4.829	279.2
vanilla	3	8	4	2	59.578	49.768	9.771	9.467	279.2
vanilla	3	8	4	3	59.017	48.821	10.161	6.733	279.2
vanilla	3	8	4	4	57.711	47.655	10.026	7.474	279.2
vanilla	3	8	4	5	59.871	49.801	10.039	6.232	279.2
vanilla	3	8	4	6	57.674	47.647	9.991	7.193	279.2
vanilla	3	8	4	7	74.137	64.014	10.093	6.963	279.2
vanilla	3	8	4	8	58.689	48.444	10.211	5.4	279.2
vanilla	3	8	4	9	65.512	55.567	9.913	8.215	279.2
vanilla	3	8	4	10	58.117	48.154	9.918	18.595	279.2
vanilla	3	8	4	11	58.91	48.705	10.173	3.737	279.2
vanilla	3	8	4	12	58.348	48.048	10.264	5.22	279.2
regions	3	8	4	1	68.777	58.585	10.139	23.124	279.2
regions	3	8	4	2	62.254	50.789	11.4	14.517	279.2
regions	3	8	4	3	60.261	50.087	10.125	7.635	279.2
regions	3	8	4	4	63.906	53.647	10.222	5.57	279.2
regions	3	8	4	5	61.871	51.304	10.536	6.032	279.2
regions	3	8	4	6	61.684	51.164	10.484	5.55	279.2
regions	3	8	4	7	73.068	62.705	10.328	7.274	279.2
regions	3	8	4	8	58.583	48.19	10.355	7.594	279.2
regions	3	8	4	9	64.111	53.499	10.369	215.847	279.2
regions	3	8	4	10	59.774	49.316	10.422	5.571	279.2
regions	3	8	4	11	60.411	49.714	10.657	5.139	279.2
regions	3	8	4	12	60.523	50.01	10.476	5.22	279.2
vanilla	3	16	8	1	69.578	53.628	15.898	6.382	535.2
vanilla	3	16	8	2	70.586	54.732	15.788	13.575	535.2
vanilla	3	16	8	3	65.548	49.732	15.764	8.226	535.2
vanilla	3	16	8	4	65.426	49.245	16.121	7.835	535.2
vanilla	3	16	8	5	64.945	48.812	16.071	9.538	535.2
vanilla	3	16	8	6	64.905	48.124	16.725	9.197	535.2
vanilla	3	16	8	7	65.207	49.328	15.82	9.247	535.2
vanilla	3	16	8	8	62.126	46.137	15.929	8.366	535.2
vanilla	3	16	8	9	65.357	49.439	15.569	296.51	535.2
vanilla	3	16	8	10	63.859	47.635	16.167	6.984	535.2
vanilla	3	16	8	11	64.135	47.952	16.125	7.183	535.2
vanilla	3	16	8	12	63.146	47.173	15.92	7.013	535.2
regions	3	16	8	1	78.385	61.593	16.752	5.951	535.2
regions	3	16	8	2	68.542	51.797	16.69	10.54	535.2
regions	3	16	8	3	66.424	49.662	16.714	7.053	535.2
regions	3	16	8	4	66.366	49.628	16.695	7.815	535.2
regions	3	16	8	5	68.487	51.648	16.797	8.025	535.2
regions	3	16	8	6	66.415	49.519	16.852	7.664	535.2
regions	3	16	8	7	67.698	50.352	17.302	7.835	535.2
regions	3	16	8	8	69.035	51.664	16.937	402.109	535.2
regions	3	16	8	9	66.603	49.643	16.92	4.268	535.2
regions	3	16	8	10	67.6	50.71	16.846	5.901	535.2
regions	3	16	8	11	67.265	50.363	16.86	6.923	535.2
regions	3	16	8	12	66.98	50.025	16.911	6.833	535.2
vanilla	3	32	16	1	92.528	67.413	25.06	9.508	1047.2
vanilla	3	32	16	2	86.944	62.02	24.851	17.843	1047.3
vanilla	3	32	16	3	78.874	53.867	24.95	8.216	1047.3
vanilla	3	32	16	4	83.11	58.206	24.851	7.655	1047.3
vanilla	3	32	16	5	91.54	66.469	25.015	7.254	1047.3
vanilla	3	32	16	6	83.982	58.804	25.11	21.31	1047.3
vanilla	3	32	16	7	84.424	59.4	24.968	6.913	1047.3
vanilla	3	32	16	8	89.219	63.959	25.204	7.344	1047.3
vanilla	3	32	16	9	81.647	56.617	24.98	9.047	1047.3
vanilla	3	32	16	10	83.665	58.738	24.869	5.56	1047.3
vanilla	3	32	16	11	83.665	57.925	25.688	7.194	1047.3
vanilla	3	32	16	12	84.191	59.194	24.939	8.586	1047.3
regions	3	32	16	1	98.428	72.212	26.159	7.394	1047.2
regions	3	32	16	2	87.047	60.418	26.552	23.855	1047.3
regions	3	32	16	3	86.18	60.067	26.056	7.203	1047.3
regions	3	32	16	4	84.969	58.692	26.224	7.054	1047.3
regions	3	32	16	5	86.651	60.371	26.225	8.195	1047.3
regions	3	32	16	6	88.737	62.424	26.24	27.943	1047.3
regions	3	32	16	7	86.18	59.881	26.248	6.772	1047.3
regions	3	32	16	8	91.696	65.447	26.183	9.879	1047.3
regions	3	32	16	9	93.505	67.124	26.327	6.202	1047.3
regions	3	32	16	10	85.38	58.864	26.463	7.083	1047.3
regions	3	32	16	11	75.312	48.947	26.314	6.362	1047.3
regions	3	32	16	12	87.694	61.389	26.252	6.934	1047.3
regions	4	1	1	1	49.814	45.672	4.121	4.128	55.1
regions	4	1	1	2	43.17	38.459	4.668	10.039	55.1
regions	4	1	1	3	41.349	37.119	4.196	6.463	55.1
regions	4	1	1	4	41.446	37.201	4.214	5.621	55.1
regions	4	1	1	5	41.028	36.84	4.158	5.991	55.1
regions	4	1	1	6	41.191	36.978	4.183	6.302	55.1
regions	4	1	1	7	41.384	37.325	4.033	6.793	55.1
regions	4	1	1	8	41.75	37.468	4.257	5.35	55.1
regions	4	1	1	9	41.118	37.055	4.037	5.681	55.1
regions	4	1	1	10	41.655	37.597	4.034	5.521	55.1
regions	4	1	1	11	41.526	37.317	4.185	4.628	55.1
regions	4	1	1	12	40.864	36.813	4.026	5.2	55.1
vanilla	4	1	1	1	47.826	43.596	4.2	3.156	55.1
vanilla	4	1	1	2	41.687	37.066	4.568	18.716	55.1
vanilla	4	1	1	3	41.333	37.125	4.164	5.761	55.1
vanilla	4	1	1	4	39.417	35.25	4.135	5.45	55.1
vanilla	4	1	1	5	39.49	35.421	4.039	4.608	55.1
vanilla	4	1	1	6	40.286	36.22	4.038	5.31	55.1
vanilla	4	1	1	7	39.559	35.402	4.128	5.21	55.1
vanilla	4	1	1	8	42.428	35.942	6.459	4.719	55.1
vanilla	4	1	1	9	40.009	35.916	4.067	4.579	55.1
vanilla	4	1	1	10	40.755	36.493	4.236	3.847	55.1
vanilla	4	1	1	11	40.523	36.373	4.125	3.737	55.1
vanilla	4	1	1	12	41.273	36.892	4.342	3.757	55.1
regions	4	4	2	1	58.014	50.277	7.708	6.763	151.1
regions	4	4	2	2	58.96	51.036	7.876	11.272	151.1
regions	4	4	2	3	58.043	50.275	7.735	5.61	151.1
regions	4	4	2	4	58.083	50.239	7.81	6.473	151.1
regions	4	4	2	5	58.446	50.63	7.786	6.673	151.1
regions	4	4	2	6	57.92	50.004	7.883	6.172	151.1
regions	4	4	2	7	58.223	50.372	7.819	6.382	151.1
regions	4	4	2	8	58.039	50.195	7.809	6.102	151.1
regions	4	4	2	9	58.163	50.319	7.797	20.689	151.1
regions	4	4	2	10	58.304	50.482	7.791	5.61	151.1
regions	4	4	2	11	59.21	51.393	7.772	5.28	151.1
regions	4	4	2	12	58.143	50.29	7.818	6.162	151.1
vanilla	4	4	2	1	57.583	49.915	7.638	8.957	151.1
vanilla	4	4	2	2	58.917	51.19	7.682	12.834	151.1
vanilla	4	4	2	3	58.327	50.3	7.995	6.212	151.1
vanilla	4	4	2	4	57.289	49.584	7.671	8.045	151.1
vanilla	4	4	2	5	57.199	49.564	7.598	9.118	151.1
vanilla	4	4	2	6	57.308	49.79	7.489	9.448	151.1
vanilla	4	4	2	7	57.885	50.099	7.754	8.285	151.1
vanilla	4	4	2	8	57.267	49.71	7.527	8.035	151.1
vanilla	4	4	2	9	57.321	49.433	7.856	6.092	151.1
vanilla	4	4	2	10	56.741	49.14	7.546	24.947	151.1
vanilla	4	4	2	11	56.6	49.08	7.487	5.099	151.1
vanilla	4	4	2	12	56.852	49.322	7.506	4.339	151.1
regions	4	8	4	1	72.485	62.144	10.308	4.999	279.2
regions	4	8	4	2	60.477	50.217	10.215	8.776	279.2
regions	4	8	4	3	59.64	49.378	10.225	5.881	279.2
regions	4	8	4	4	62.349	52.011	10.31	6.362	279.2
regions	4	8	4	5	69.123	58.279	10.81	5.371	279.2
regions	4	8	4	6	60.842	50.375	10.43	7.344	279.2
regions	4	8	4	7	59.382	48.924	10.421	6.963	279.2
regions	4	8	4	8	58.929	48.388	10.506	6.843	279.2
regions	4	8	4	9	59.418	48.827	10.558	7.755	279.2
regions	4	8	4	10	59.77	49.039	10.677	23.274	279.2
regions	4	8	4	11	61.773	51.355	10.371	5.48	279.2
regions	4	8	4	12	58.788	48.259	10.489	6.873	279.2
vanilla	4	8	4	1	68.408	58.936	9.434	6.522	279.2
vanilla	4	8	4	2	59.63	50.156	9.416	20.619	279.2
vanilla	4	8	4	3	59.437	49.552	9.848	6.723	279.2
vanilla	4	8	4	4	58.062	48.433	9.597	8.095	279.2
vanilla	4	8	4	5	71.707	62.167	9.51	5.009	279.2
vanilla	4	8	4	6	65.902	56.189	9.678	5.259	279.2
vanilla	4	8	4	7	57.851	48.169	9.648	8.476	279.2
vanilla	4	8	4	8	59.34	49.667	9.637	6.633	279.2
vanilla	4	8	4	9	56.575	46.912	9.625	7.875	279.2
vanilla	4	8	4	10	59.058	49.296	9.71	23.374	279.2
vanilla	4	8	4	11	59.29	49.501	9.758	5.831	279.2
vanilla	4	8	4	12	59.626	49.927	9.669	4.158	279.2
regions	4	16	8	1	71.933	55.397	16.476	10.82	535.2
regions	4	16	8	2	70.321	53.621	16.641	11.852	535.2
regions	4	16	8	3	66.623	49.769	16.814	8.987	535.2
regions	4	16	8	4	71.589	54.39	17.159	5.872	535.2
regions	4	16	8	5	67.554	50.722	16.79	7.043	535.2
regions	4	16	8	6	66.813	50.042	16.717	8.226	535.2
regions	4	16	8	7	68.846	52.134	16.654	9.368	535.2
regions	4	16	8	8	68.676	52.165	16.464	8.256	535.2
regions	4	16	8	9	68.813	52.404	16.334	28.744	535.2
regions	4	16	8	10	68.271	51.779	16.454	6.863	535.2
regions	4	16	8	11	65.553	48.308	17.205	3.687	535.2
regions	4	16	8	12	66.276	49.49	16.745	6.112	535.2
vanilla	4	16	8	1	78.924	63.393	15.483	7.674	535.2
vanilla	4	16	8	2	64.802	48.602	16.146	11.031	535.2
vanilla	4	16	8	3	64.599	48.462	16.095	7.654	535.2
vanilla	4	16	8	4	65.493	49.288	16.163	8.756	535.2
vanilla	4	16	8	5	64.875	48.529	16.304	7.935	535.2
vanilla	4	16	8	6	66.463	50.322	16.097	7.594	535.2
vanilla	4	16	8	7	66.762	50.813	15.9	9.398	535.2
vanilla	4	16	8	8	66.835	50.666	16.126	7.915	535.2
vanilla	4	16	8	9	67.522	51.331	16.129	26.009	535.2
vanilla	4	16	8	10	65.282	49.138	16.1	6.142	535.2
vanilla	4	16	8	11	64.891	48.66	16.178	6.312	535.2
vanilla	4	16	8	12	69.071	53.132	15.882	7.735	535.2
regions	4	32	16	1	99.933	73.27	26.599	11.632	1047.2
regions	4	32	16	2	90.767	64.575	26.115	12.614	1047.3
regions	4	32	16	3	84.98	58.879	26.03	7.925	1047.3
regions	4	32	16	4	86.387	60.276	26.056	8.255	1047.3
regions	4	32	16	5	86.881	60.584	26.231	7.023	1047.3
regions	4	32	16	6	86.118	59.928	26.099	32.051	1047.3
regions	4	32	16	7	86.582	60.621	25.892	9.708	1047.3
regions	4	32	16	8	88.55	62.454	26.028	7.584	1047.3
regions	4	32	16	9	85.256	58.769	26.413	7.985	1047.3
regions	4	32	16	10	85.466	58.615	26.78	11.011	1047.3
regions	4	32	16	11	88.114	61.526	26.52	7.835	1047.3
regions	4	32	16	12	88.496	61.937	26.505	7.404	1047.3
vanilla	4	32	16	1	93.257	68.051	25.137	14.096	1047.2
vanilla	4	32	16	2	84.264	59.517	24.662	23.925	1047.3
vanilla	4	32	16	3	86.261	61.462	24.741	10.49	1047.3
vanilla	4	32	16	4	84.021	59.219	24.749	7.534	1047.3
vanilla	4	32	16	5	85.18	59.726	25.394	6.703	1047.3
vanilla	4	32	16	6	82.676	57.415	25.171	24.246	1047.3
vanilla	4	32	16	7	83.793	58.444	25.29	8.556	1047.3
vanilla	4	32	16	8	84.485	59.314	25.102	6.893	1047.3
vanilla	4	32	16	9	84.76	59.185	25.508	8.957	1047.3
vanilla	4	32	16	10	84.52	59.342	25.068	33.754	1047.3
vanilla	4	32	16	11	87.163	61.934	25.156	8.867	1047.3
vanilla	4	32	16	12	89.789	63.871	25.86	8.787	1047.3
vanilla	5	1	1	1	48.549	44.42	4.106	2.966	55.1
vanilla	5	1	1	2	41.757	37.12	4.59	15.75	55.1
vanilla	5	1	1	3	40.338	36.167	4.145	4.458	55.1
vanilla	5	1	1	4	40.296	36.137	4.134	2.194	55.1
vanilla	5	1	1	5	40.076	35.927	4.12	4.158	55.1
vanilla	5	1	1	6	40.355	36.228	4.104	4.148	55.1
vanilla	5	1	1	7	40.397	36.407	3.966	2.064	55.1
vanilla	5	1	1	8	40.45	36.353	4.069	4.198	55.1
vanilla	5	1	1	9	39.916	35.972	3.923	4.558	55.1
vanilla	5	1	1	10	40.116	36.068	4.022	2.284	55.1
vanilla	5	1	1	11	40.497	36.466	4.003	3.857	55.1
vanilla	5	1	1	12	40.265	36.212	4.03	5.31	55.1
regions	5	1	1	1	49.148	44.884	4.242	3.807	55.1
regions	5	1	1	2	42.876	38.082	4.751	10.079	55.1
regions	5	1	1	3	41.009	36.734	4.243	6.432	55.1
regions	5	1	1	4	41.343	37.045	4.27	7.183	55.1
regions	5	1	1	5	40.934	36.593	4.316	5.09	55.1
regions	5	1	1	6	40.412	36.221	4.163	4.087	55.1
regions	5	1	1	7	40.573	36.362	4.18	7.153	55.1
regions	5	1	1	8	40.767	36.58	4.164	6.703	55.1
regions	5	1	1	9	41.374	37.129	4.222	5.631	55.1
regions	5	1	1	10	42.101	37.733	4.346	4.038	55.1
regions	5	1	1	11	41.851	37.367	4.458	5.04	55.1
regions	5	1	1	12	41.723	37.215	4.478	6.873	55.1
vanilla	5	4	2	1	58.303	50.375	7.897	5.76	151.1
vanilla	5	4	2	2	58.149	50.235	7.873	10.53	151.1
vanilla	5	4	2	3	58.381	50.35	7.996	7.795	151.1
vanilla	5	4	2	4	57.683	49.713	7.933	6.532	151.1
vanilla	5	4	2	5	57.955	50.057	7.87	7.635	151.1
vanilla	5	4	2	6	57.99	50.124	7.839	5.4	151.1
vanilla	5	4	2	7	58.261	50.362	7.871	5.19	151.1
vanilla	5	4	2	8	65.464	57.542	7.892	7.505	151.1
vanilla	5	4	2	9	64.73	55.947	8.733	22.302	151.1
vanilla	5	4	2	10	60.13	51.191	8.91	4.829	151.1
vanilla	5	4	2	11	56.966	49.286	7.652	3.917	151.1
vanilla	5	4	2	12	57.479	49.382	8.072	4.298	151.1
regions	5	4	2	1	57.862	50.211	7.614	8.155	151.1
regions	5	4	2	2	60.102	52.272	7.768	20.579	151.1
regions	5	4	2	3	58.317	50.65	7.629	7.173	151.1
regions	5	4	2	4	58.301	50.699	7.567	5.811	151.1
regions	5	4	2	5	58.13	50.507	7.591	5.701	151.1
regions	5	4	2	6	58.13	50.483	7.615	5.28	151.1
regions	5	4	2	7	58.077	50.432	7.614	5.621	151.1
regions	5	4	2	8	58.359	50.664	7.661	5.992	151.1
regions	5	4	2	9	58.023	50.326	7.651	19.467	151.1
regions	5	4	2	10	58.225	50.587	7.606	4.879	151.1
regions	5	4	2	11	58.096	50.456	7.607	4.489	151.1
regions	5	4	2	12	57.92	50.31	7.578	5.35	151.1
vanilla	5	8	4	1	66.114	56.617	9.456	6.191	279.2
vanilla	5	8	4	2	58.416	48.909	9.459	11.282	279.2
vanilla	5	8	4	3	78.049	68.479	9.528	7.825	279.2
vanilla	5	8	4	4	59.107	49.296	9.771	8.606	279.2
vanilla	5	8	4	5	57.804	48.241	9.526	6.573	279.2
vanilla	5	8	4	6	64.636	55.0	9.598	7.354	279.2
vanilla	5	8	4	7	57.808	48.147	9.622	7.765	279.2
vanilla	5	8	4	8	62.685	53.075	9.57	8.506	279.2
vanilla	5	8	4	9	66.818	57.199	9.58	8.306	279.2
vanilla	5	8	4	10	66.575	56.875	9.646	23.565	279.2
vanilla	5	8	4	11	58.069	48.394	9.638	5.019	279.2
vanilla	5	8	4	12	63.153	53.464	9.652	6.282	279.2
regions	5	8	4	1	68.779	58.555	10.188	6.532	279.2
regions	5	8	4	2	62.31	52.122	10.135	12.644	279.2
regions	5	8	4	3	59.279	49.134	10.107	6.362	279.2
regions	5	8	4	4	60.203	50.068	10.1	7.274	279.2
regions	5	8	4	5	69.014	58.904	10.073	6.462	279.2
regions	5	8	4	6	59.717	49.432	10.248	5.701	279.2
regions	5	8	4	7	59.494	49.23	10.227	7.153	279.2
regions	5	8	4	8	60.26	49.968	10.254	7.865	279.2
regions	5	8	4	9	59.48	49.148	10.294	6.652	279.2
regions	5	8	4	10	60.028	49.696	10.283	20.629	279.2
regions	5	8	4	11	60.203	49.885	10.284	5.29	279.2
regions	5	8	4	12	60.286	50.005	10.248	4.699	279.2
vanilla	5	16	8	1	79.029	62.924	16.054	8.286	535.2
vanilla	5	16	8	2	68.714	53.108	15.547	13.265	535.2
vanilla	5	16	8	3	65.553	50.135	15.361	7.504	535.2
vanilla	5	16	8	4	73.314	57.381	15.882	8.836	535.2
vanilla	5	16	8	5	68.06	52.867	15.138	7.033	535.2
vanilla	5	16	8	6	70.123	54.511	15.551	7.424	535.2
vanilla	5	16	8	7	67.904	52.653	15.205	9.157	535.2
vanilla	5	16	8	8	69.406	54.197	15.148	8.095	535.2
vanilla	5	16	8	9	67.437	51.863	15.49	29.365	535.2
vanilla	5	16	8	10	63.717	47.763	15.895	6.612	535.2
vanilla	5	16	8	11	67.152	51.167	15.933	7.685	535.2
vanilla	5	16	8	12	63.401	47.475	15.867	7.805	535.2
regions	5	16	8	1	80.739	63.535	17.16	6.653	535.2
regions	5	16	8	2	67.942	51.508	16.369	11.772	535.2
regions	5	16	8	3	66.375	50.153	16.17	9.278	535.2
regions	5	16	8	4	72.888	56.113	16.718	6.573	535.2
regions	5	16	8	5	71.392	54.346	16.984	9.227	535.2
regions	5	16	8	6	73.191	56.246	16.886	9.538	535.2
regions	5	16	8	7	66.932	49.938	16.94	7.775	535.2
regions	5	16	8	8	68.432	51.121	16.97	298.884	535.2
regions	5	16	8	9	68.608	51.365	17.186	4.168	535.2
regions	5	16	8	10	71.922	54.667	17.21	6.011	535.2
regions	5	16	8	11	67.024	50.042	16.937	6.643	535.2
regions	5	16	8	12	74.427	57.436	16.95	6.513	535.2
vanilla	5	32	16	1	89.116	64.49	24.57	10.861	1047.2
vanilla	5	32	16	2	86.572	61.145	25.349	16.601	1047.3
vanilla	5	32	16	3	83.663	58.958	24.643	8.837	1047.3
vanilla	5	32	16	4	82.036	57.277	24.698	8.316	1047.3
vanilla	5	32	16	5	85.865	61.248	24.562	7.614	1047.3
vanilla	5	32	16	6	82.148	57.501	24.583	20.72	1047.3
vanilla	5	32	16	7	78.969	53.946	24.969	7.494	1047.3
vanilla	5	32	16	8	72.611	47.974	24.587	6.853	1047.3
vanilla	5	32	16	9	81.438	56.792	24.597	6.382	1047.3
vanilla	5	32	16	10	85.671	59.994	25.608	6.372	1047.3
vanilla	5	32	16	11	90.671	65.931	24.67	7.714	1047.3
vanilla	5	32	16	12	83.003	58.252	24.697	8.305	1047.3
regions	5	32	16	1	106.306	79.834	26.408	9.117	1047.2
regions	5	32	16	2	88.065	61.012	26.963	22.001	1047.3
regions	5	32	16	3	92.726	65.652	27.003	10.119	1047.3
regions	5	32	16	4	89.783	63.156	26.558	8.877	1047.3
regions	5	32	16	5	84.123	57.922	26.14	9.688	1047.3
regions	5	32	16	6	85.636	59.342	26.21	27.061	1047.3
regions	5	32	16	7	89.109	62.866	26.188	8.266	1047.3
regions	5	32	16	8	95.781	69.461	26.261	7.003	1047.3
regions	5	32	16	9	87.98	61.65	26.263	7.734	1047.3
regions	5	32	16	10	87.808	61.019	26.725	7.995	1047.3
regions	5	32	16	11	89.27	62.902	26.31	8.455	1047.3
regions	5	32	16	12	95.937	69.529	26.343	8.045	1047.3
regions	6	1	1	1	49.257	45.075	4.158	3.516	55.1
regions	6	1	1	2	43.114	38.34	4.733	10.36	55.1
regions	6	1	1	3	40.525	36.199	4.303	5.901	55.1
regions	6	1	1	4	41.135	36.811	4.301	5.17	55.1
regions	6	1	1	5	41.381	37.116	4.239	4.899	55.1
regions	6	1	1	6	42.024	37.405	4.59	5.18	55.1
regions	6	1	1	7	41.553	37.165	4.36	6.172	55.1
regions	6	1	1	8	41.746	37.214	4.505	6.452	55.1
regions	6	1	1	9	41.618	37.289	4.302	5.77	55.1
regions	6	1	1	10	41.56	37.032	4.503	4.879	55.1
regions	6	1	1	11	41.274	36.955	4.295	4.929	55.1
regions	6	1	1	12	41.711	37.201	4.487	4.197	55.1
vanilla	6	1	1	1	47.575	43.604	3.947	3.517	55.1
vanilla	6	1	1	2	43.388	38.785	4.55	14.387	55.1
vanilla	6	1	1	3	40.305	36.226	4.044	7.684	55.1
vanilla	6	1	1	4	39.943	35.792	4.12	6.372	55.1
vanilla	6	1	1	5	39.828	35.766	4.028	8.716	55.1
vanilla	6	1	1	6	39.594	35.553	4.01	7.434	55.1
vanilla	6	1	1	7	39.841	35.869	3.941	6.473	55.1
vanilla	6	1	1	8	39.618	35.618	3.969	7.013	55.1
vanilla	6	1	1	9	39.412	35.5	3.877	7.614	55.1
vanilla	6	1	1	10	40.081	36.023	4.026	7.705	55.1
vanilla	6	1	1	11	40.021	35.945	4.045	6.923	55.1
vanilla	6	1	1	12	39.854	35.703	4.119	7.465	55.1
regions	6	4	2	1	57.874	50.275	7.561	10.229	151.1
regions	6	4	2	2	59.028	51.22	7.751	21.22	151.1
regions	6	4	2	3	58.122	50.431	7.653	7.314	151.1
regions	6	4	2	4	58.111	50.492	7.584	8.145	151.1
regions	6	4	2	5	57.906	50.148	7.723	8.887	151.1
regions	6	4	2	6	58.1	50.397	7.668	7.434	151.1
regions	6	4	2	7	57.745	50.019	7.69	9.097	151.1
regions	6	4	2	8	58.287	50.534	7.717	8.666	151.1
regions	6	4	2	9	58.405	50.58	7.794	5.881	151.1
regions	6	4	2	10	58.48	50.17	7.761	521.083	151.1
regions	6	4	2	11	57.855	50.133	7.69	5.911	151.1
regions	6	4	2	12	58.001	50.285	7.684	5.431	151.1
vanilla	6	4	2	1	56.36	48.891	7.433	9.197	151.1
vanilla	6	4	2	2	57.982	50.331	7.596	20.118	151.1
vanilla	6	4	2	3	56.487	48.915	7.54	6.692	151.1
vanilla	6	4	2	4	57.003	49.495	7.476	8.005	151.1
vanilla	6	4	2	5	56.942	49.419	7.49	7.804	151.1
vanilla	6	4	2	6	56.637	49.064	7.541	7.684	151.1
vanilla	6	4	2	7	56.696	49.161	7.503	7.875	151.1
vanilla	6	4	2	8	56.512	48.953	7.527	8.055	151.1
vanilla	6	4	2	9	56.372	48.832	7.507	8.316	151.1
vanilla	6	4	2	10	56.671	48.739	7.595	313.953	151.1
vanilla	6	4	2	11	56.494	48.943	7.52	6.312	151.1
vanilla	6	4	2	12	56.363	48.795	7.536	5.61	151.1
regions	6	8	4	1	69.515	59.235	10.244	4.198	279.2
regions	6	8	4	2	60.199	50.231	9.918	9.779	279.2
regions	6	8	4	3	59.396	49.426	9.932	7.364	279.2
regions	6	8	4	4	58.673	48.618	10.017	6.813	279.2
regions	6	8	4	5	60.262	50.205	10.021	6.712	279.2
regions	6	8	4	6	61.063	51.144	9.882	6.883	279.2
regions	6	8	4	7	58.936	48.859	10.038	8.065	279.2
regions	6	8	4	8	59.116	48.948	10.131	7.765	279.2
regions	6	8	4	9	59.13	48.956	10.136	8.767	279.2
regions	6	8	4	10	59.642	49.137	10.161	316.437	279.2
regions	6	8	4	11	65.43	55.239	10.155	5.23	279.2
regions	6	8	4	12	59.095	48.884	10.174	5.531	279.2
vanilla	6	8	4	1	69.862	60.24	9.585	4.719	279.2
vanilla	6	8	4	2	58.451	48.762	9.643	9.358	279.2
vanilla	6	8	4	3	66.07	56.438	9.594	7.194	279.2
vanilla	6	8	4	4	63.941	54.32	9.583	6.332	279.2
vanilla	6	8	4	5	59.052	49.315	9.699	7.745	279.2
vanilla	6	8	4	6	58.757	49.048	9.671	7.905	279.2
vanilla	6	8	4	7	62.975	53.273	9.665	7.854	279.2
vanilla	6	8	4	8	59.148	49.439	9.671	7.123	279.2
vanilla	6	8	4	9	57.708	47.96	9.712	6.813	279.2
vanilla	6	8	4	10	57.878	47.811	9.742	293.434	279.2
vanilla	6	8	4	11	58.163	48.34	9.788	5.531	279.2
vanilla	6	8	4	12	67.986	58.264	9.686	5.209	279.2
regions	6	16	8	1	82.865	67.382	15.44	5.811	535.2
regions	6	16	8	2	70.755	54.475	16.228	10.73	535.2
regions	6	16	8	3	65.401	48.269	17.085	7.384	535.2
regions	6	16	8	4	65.756	48.704	17.008	7.243	535.2
regions	6	16	8	5	67.457	50.312	17.098	7.985	535.2
regions	6	16	8	6	65.766	48.77	16.953	6.663	535.2
regions	6	16	8	7	67.202	50.19	16.968	7.935	535.2
regions	6	16	8	8	74.582	57.291	16.941	312.169	535.2
regions	6	16	8	9	72.201	54.898	17.258	6.883	535.2
regions	6	16	8	10	65.69	49.33	16.319	6.923	535.2
regions	6	16	8	11	71.125	53.999	17.087	6.352	535.2
regions	6	16	8	12	66.799	49.592	17.166	5.921	535.2
vanilla	6	16	8	1	74.979	58.863	16.07	7.904	535.2
vanilla	6	16	8	2	69.073	53.804	15.216	11.282	535.2
vanilla	6	16	8	3	65.3	49.097	16.159	6.853	535.2
vanilla	6	16	8	4	66.921	50.69	16.188	7.554	535.2
vanilla	6	16	8	5	64.302	48.183	16.077	7.484	535.2
vanilla	6	16	8	6	65.348	49.293	15.997	7.945	535.2
vanilla	6	16	8	7	65.688	49.576	16.064	9.378	535.2
vanilla	6	16	8	8	65.868	49.887	15.936	7.374	535.2
vanilla	6	16	8	9	64.019	47.748	15.935	298.152	535.2
vanilla	6	16	8	10	64.266	48.287	15.939	6.563	535.2
vanilla	6	16	8	11	70.604	55.299	15.262	6.161	535.2
vanilla	6	16	8	12	64.632	48.355	16.233	6.312	535.2
regions	6	32	16	1	101.51	75.365	26.091	9.839	1047.2
regions	6	32	16	2	96.736	70.546	26.124	12.133	1047.3
regions	6	32	16	3	93.418	67.189	26.171	6.983	1047.3
regions	6	32	16	4	91.709	65.337	26.316	7.203	1047.3
regions	6	32	16	5	87.624	60.928	26.637	7.124	1047.3
regions	6	32	16	6	89.223	63.136	26.008	30.888	1047.3
regions	6	32	16	7	94.25	68.014	26.182	6.352	1047.3
regions	6	32	16	8	87.217	60.98	26.191	6.302	1047.3
regions	6	32	16	9	89.226	62.974	26.19	6.131	1047.3
regions	6	32	16	10	93.915	67.653	26.202	7.383	1047.3
regions	6	32	16	11	87.373	61.103	26.217	7.504	1047.3
regions	6	32	16	12	84.438	58.084	26.301	9.488	1047.3
vanilla	6	32	16	1	86.587	59.873	26.653	11.501	1047.2
vanilla	6	32	16	2	84.053	59.126	24.863	16.932	1047.3
vanilla	6	32	16	3	89.87	64.839	24.981	8.496	1047.3
vanilla	6	32	16	4	84.509	59.584	24.836	6.553	1047.3
vanilla	6	32	16	5	80.291	55.014	25.223	11.492	1047.3
vanilla	6	32	16	6	81.075	55.904	25.086	32.491	1047.3
vanilla	6	32	16	7	84.191	56.611	27.521	6.973	1047.3
vanilla	6	32	16	8	83.542	57.808	25.665	6.913	1047.3
vanilla	6	32	16	9	84.763	59.61	25.086	8.606	1047.3
vanilla	6	32	16	10	84.987	59.701	25.221	8.496	1047.3
vanilla	6	32	16	11	92.83	67.477	25.289	6.813	1047.3
vanilla	6	32	16	12	83.951	58.803	25.075	7.293	1047.3
vanilla	7	1	1	1	48.703	44.37	4.305	4.488	55.1
vanilla	7	1	1	2	42.502	37.858	4.591	20.338	55.1
vanilla	7	1	1	3	39.956	35.713	4.212	6.222	55.1
vanilla	7	1	1	4	39.988	35.917	4.041	6.492	55.1
vanilla	7	1	1	5	39.75	35.712	4.008	5.45	55.1
vanilla	7	1	1	6	39.522	35.44	4.049	6.883	55.1
vanilla	7	1	1	7	39.665	35.626	4.007	6.703	55.1
vanilla	7	1	1	8	39.388	35.359	3.999	7.354	55.1
vanilla	7	1	1	9	39.138	35.179	3.927	7.194	55.1
vanilla	7	1	1	10	39.287	35.221	4.034	7.073	55.1
vanilla	7	1	1	11	40.351	36.308	4.01	7.274	55.1
vanilla	7	1	1	12	39.791	35.639	4.12	6.152	55.1
regions	7	1	1	1	48.967	44.806	4.127	3.557	55.1
regions	7	1	1	2	43.073	38.413	4.612	14.337	55.1
regions	7	1	1	3	40.502	36.291	4.178	5.841	55.1
regions	7	1	1	4	40.545	36.39	4.125	5.77	55.1
regions	7	1	1	5	40.455	36.149	4.276	6.262	55.1
regions	7	1	1	6	40.152	36.105	4.018	5.691	55.1
regions	7	1	1	7	39.99	36.022	3.936	5.871	55.1
regions	7	1	1	8	39.891	35.841	4.019	6.873	55.1
regions	7	1	1	9	39.901	35.863	3.999	6.362	55.1
regions	7	1	1	10	40.668	36.431	4.206	6.502	55.1
regions	7	1	1	11	40.374	36.313	4.035	5.57	55.1
regions	7	1	1	12	39.969	35.931	4.009	6.392	55.1
vanilla	7	4	2	1	57.366	49.649	7.677	9.939	151.1
vanilla	7	4	2	2	58.745	50.888	7.803	15.76	151.1
vanilla	7	4	2	3	56.91	49.209	7.663	7.233	151.1
vanilla	7	4	2	4	56.439	48.686	7.718	7.023	151.1
vanilla	7	4	2	5	56.854	49.128	7.686	7.855	151.1
vanilla	7	4	2	6	56.362	48.644	7.683	6.653	151.1
vanilla	7	4	2	7	57.007	49.255	7.717	8.336	151.1
vanilla	7	4	2	8	56.907	49.157	7.716	7.554	151.1
vanilla	7	4	2	9	56.885	49.171	7.68	7.955	151.1
vanilla	7	4	2	10	56.708	48.69	7.692	299.255	151.1
vanilla	7	4	2	11	57.147	49.403	7.71	5.009	151.1
vanilla	7	4	2	12	56.75	49.013	7.705	6.803	151.1
regions	7	4	2	1	57.792	50.292	7.465	7.664	151.1
regions	7	4	2	2	58.628	51.102	7.465	22.032	151.1
regions	7	4	2	3	57.556	50.182	7.336	6.772	151.1
regions	7	4	2	4	57.642	50.185	7.423	5.049	151.1
regions	7	4	2	5	58.715	51.241	7.439	5.351	151.1
regions	7	4	2	6	57.659	50.266	7.358	7.664	151.1
regions	7	4	2	7	57.507	50.106	7.368	6.102	151.1
regions	7	4	2	8	57.607	50.164	7.411	6.713	151.1
regions	7	4	2	9	57.807	50.301	7.471	6.592	151.1
regions	7	4	2	10	58.186	50.5	7.347	309.394	151.1
regions	7	4	2	11	57.478	50.116	7.33	6.292	151.1
regions	7	4	2	12	57.523	50.131	7.359	5.851	151.1
vanilla	7	8	4	1	73.002	63.2	9.762	7.524	279.2
vanilla	7	8	4	2	71.104	61.276	9.779	10.48	279.2
vanilla	7	8	4	3	61.045	51.2	9.802	7.484	279.2
vanilla	7	8	4	4	62.012	52.294	9.68	6.432	279.2
vanilla	7	8	4	5	58.438	48.643	9.751	7.174	279.2
vanilla	7	8	4	6	67.617	57.759	9.821	8.086	279.2
vanilla	7	8	4	7	57.339	47.472	9.831	7.925	279.2
vanilla	7	8	4	8	57.44	47.548	9.855	8.166	279.2
vanilla	7	8	4	9	57.548	47.63	9.879	7.514	279.2
vanilla	7	8	4	10	67.982	57.772	9.882	291.009	279.2
vanilla	7	8	4	11	57.281	47.273	9.964	6.072	279.2
vanilla	7	8	4	12	74.385	64.414	9.934	5.139	279.2
regions	7	8	4	1	70.639	60.776	9.821	5.961	279.2
regions	7	8	4	2	65.143	54.642	10.442	18.835	279.2
regions	7	8	4	3	69.177	59.24	9.897	7.755	279.2
regions	7	8	4	4	58.852	48.822	9.99	6.152	279.2
regions	7	8	4	5	58.394	48.349	10.007	7.264	279.2
regions	7	8	4	6	58.492	48.35	10.106	6.563	279.2
regions	7	8	4	7	59.805	49.65	10.118	6.984	279.2
regions	7	8	4	8	59.403	49.242	10.12	6.813	279.2
regions	7	8	4	9	61.39	51.186	10.166	7.003	279.2
regions	7	8	4	10	59.523	48.846	10.151	486.979	279.2
regions	7	8	4	11	58.8	48.629	10.134	4.108	279.2
regions	7	8	4	12	63.333	53.183	10.112	4.979	279.2
vanilla	7	16	8	1	70.908	54.837	16.025	9.909	535.2
vanilla	7	16	8	2	64.496	48.383	16.053	14.697	535.2
vanilla	7	16	8	3	65.324	49.286	15.988	8.015	535.2
vanilla	7	16	8	4	67.069	51.159	15.861	7.535	535.2
vanilla	7	16	8	5	68.973	52.877	16.048	7.915	535.2
vanilla	7	16	8	6	62.015	46.118	15.853	7.344	535.2
vanilla	7	16	8	7	64.707	48.917	15.746	8.316	535.2
vanilla	7	16	8	8	63.258	47.375	15.831	8.326	535.2
vanilla	7	16	8	9	62.819	46.555	15.925	300.988	535.2
vanilla	7	16	8	10	62.658	46.79	15.821	7.354	535.2
vanilla	7	16	8	11	63.294	47.471	15.777	7.133	535.2
vanilla	7	16	8	12	64.706	48.802	15.856	9.047	535.2
regions	7	16	8	1	72.031	55.36	16.622	6.802	535.2
regions	7	16	8	2	67.028	50.565	16.408	12.474	535.2
regions	7	16	8	3	70.019	53.536	16.441	7.114	535.2
regions	7	16	8	4	66.423	49.886	16.497	6.111	535.2
regions	7	16	8	5	67.073	50.532	16.5	7.514	535.2
regions	7	16	8	6	64.946	48.313	16.592	7.454	535.2
regions	7	16	8	7	67.219	50.554	16.618	8.265	535.2
regions	7	16	8	8	68.521	51.878	16.346	258.949	535.2
regions	7	16	8	9	66.642	49.935	16.664	5.891	535.2
regions	7	16	8	10	65.865	49.149	16.673	5.981	535.2
regions	7	16	8	11	66.652	49.881	16.729	6.062	535.2
regions	7	16	8	12	66.461	49.954	16.462	6.382	535.2
vanilla	7	32	16	1	89.678	65.353	24.244	27.952	1047.2
vanilla	7	32	16	2	84.986	60.457	24.47	14.437	1047.3
vanilla	7	32	16	3	87.096	62.506	24.537	6.121	1047.3
vanilla	7	32	16	4	81.551	56.845	24.656	6.782	1047.3
vanilla	7	32	16	5	86.804	62.006	24.751	7.945	1047.3
vanilla	7	32	16	6	84.94	60.258	24.603	28.814	1047.3
vanilla	7	32	16	7	80.185	55.498	24.632	7.495	1047.3
vanilla	7	32	16	8	77.503	53.146	24.301	8.556	1047.3
vanilla	7	32	16	9	83.662	59.226	24.386	7.103	1047.3
vanilla	7	32	16	10	80.458	55.893	24.514	8.015	1047.3
vanilla	7	32	16	11	80.39	54.28	26.054	7.214	1047.3
vanilla	7	32	16	12	78.189	53.399	24.726	5.921	1047.3
regions	7	32	16	1	95.513	69.378	26.082	7.785	1047.2
regions	7	32	16	2	85.404	59.353	25.983	12.083	1047.3
regions	7	32	16	3	86.333	60.066	26.213	7.314	1047.3
regions	7	32	16	4	87.685	61.476	26.151	7.074	1047.3
regions	7	32	16	5	88.415	61.763	26.581	7.864	1047.3
regions	7	32	16	6	88.109	60.487	27.217	341.234	1047.3
regions	7	32	16	7	90.512	63.162	27.278	8.115	1047.3
regions	7	32	16	8	90.528	63.359	27.097	9.508	1047.3
regions	7	32	16	9	91.178	64.062	27.053	8.696	1047.3
regions	7	32	16	10	86.244	59.571	26.614	7.674	1047.3
regions	7	32	16	11	92.565	65.87	26.639	8.967	1047.3
regions	7	32	16	12	85.913	59.196	26.659	9.218	1047.3
regions	8	1	1	1	48.712	44.538	4.146	4.068	55.1
regions	8	1	1	2	42.908	38.263	4.589	21.04	55.1
regions	8	1	1	3	41.072	36.88	4.16	5.861	55.1
regions	8	1	1	4	41.145	36.944	4.171	5.73	55.1
regions	8	1	1	5	40.467	36.404	4.034	6.142	55.1
regions	8	1	1	6	40.342	36.257	4.055	6.482	55.1
regions	8	1	1	7	40.423	36.39	4.003	5.26	55.1
regions	8	1	1	8	39.792	35.71	4.05	6.442	55.1
regions	8	1	1	9	40.011	36.033	3.947	6.783	55.1
regions	8	1	1	10	40.151	36.101	4.021	6.883	55.1
regions	8	1	1	11	40.14	36.153	3.956	6.673	55.1
regions	8	1	1	12	41.222	36.813	4.376	6.453	55.1
vanilla	8	1	1	1	48.278	44.192	4.062	3.918	55.1
vanilla	8	1	1	2	42.109	37.637	4.425	13.585	55.1
vanilla	8	1	1	3	39.818	35.712	4.074	5.27	55.1
vanilla	8	1	1	4	39.834	35.842	3.96	5.981	55.1
vanilla	8	1	1	5	39.529	35.61	3.89	6.031	55.1
vanilla	8	1	1	6	39.437	35.46	3.948	6.823	55.1
vanilla	8	1	1	7	39.435	35.504	3.902	6.833	55.1
vanilla	8	1	1	8	39.414	35.448	3.936	6.322	55.1
vanilla	8	1	1	9	39.294	35.379	3.883	8.055	55.1
vanilla	8	1	1	10	39.702	35.709	3.962	7.274	55.1
vanilla	8	1	1	11	39.384	35.549	3.809	6.102	55.1
vanilla	8	1	1	12	40.196	36.044	4.118	6.382	55.1
regions	8	4	2	1	58.37	50.584	7.75	9.228	151.1
regions	8	4	2	2	58.867	51.004	7.811	19.457	151.1
regions	8	4	2	3	57.766	50.114	7.617	7.975	151.1
regions	8	4	2	4	58.229	50.496	7.696	7.464	151.1
regions	8	4	2	5	58.476	50.667	7.766	7.003	151.1
regions	8	4	2	6	58.607	50.816	7.738	8.556	151.1
regions	8	4	2	7	58.509	50.675	7.792	9.528	151.1
regions	8	4	2	8	58.547	50.715	7.799	7.103	151.1
regions	8	4	2	9	58.536	50.72	7.781	7.545	151.1
regions	8	4	2	10	59.05	50.715	7.895	399.754	151.1
regions	8	4	2	11	58.398	50.575	7.776	6.563	151.1
regions	8	4	2	12	58.461	50.61	7.814	6.091	151.1
vanilla	8	4	2	1	56.509	49.044	7.423	4.608	151.1
vanilla	8	4	2	2	58.126	50.436	7.632	18.936	151.1
vanilla	8	4	2	3	56.604	49.07	7.499	5.961	151.1
vanilla	8	4	2	4	56.519	48.934	7.55	5.23	151.1
vanilla	8	4	2	5	56.574	49.03	7.509	5.941	151.1
vanilla	8	4	2	6	56.942	48.983	7.922	7.264	151.1
vanilla	8	4	2	7	56.611	49.029	7.544	9.919	151.1
vanilla	8	4	2	8	56.774	49.144	7.594	6.533	151.1
vanilla	8	4	2	9	56.997	49.23	7.733	6.442	151.1
vanilla	8	4	2	10	57.332	49.406	7.609	289.747	151.1
vanilla	8	4	2	11	57.4	49.677	7.687	5.229	151.1
vanilla	8	4	2	12	56.847	49.173	7.641	5.23	151.1
regions	8	8	4	1	69.27	58.902	10.329	4.619	279.2
regions	8	8	4	2	60.023	49.963	10.01	10.56	279.2
regions	8	8	4	3	59.794	49.645	10.112	7.193	279.2
regions	8	8	4	4	59.343	49.146	10.155	8.376	279.2
regions	8	8	4	5	59.097	48.805	10.255	7.975	279.2
regions	8	8	4	6	59.903	49.644	10.223	7.915	279.2
regions	8	8	4	7	68.095	57.879	10.18	6.652	279.2
regions	8	8	4	8	58.792	48.484	10.27	7.735	279.2
regions	8	8	4	9	59.345	48.967	10.34	7.514	279.2
regions	8	8	4	10	73.255	62.636	10.297	290.809	279.2
regions	8	8	4	11	61.084	50.034	11.012	5.2	279.2
regions	8	8	4	12	60.948	50.249	10.665	4.177	279.2
vanilla	8	8	4	1	67.747	58.162	9.547	6.653	279.2
vanilla	8	8	4	2	56.948	47.371	9.521	19.146	279.2
vanilla	8	8	4	3	57.597	48.02	9.538	8.306	279.2
vanilla	8	8	4	4	72.004	62.445	9.521	7.995	279.2
vanilla	8	8	4	5	57.292	47.676	9.581	7.594	279.2
vanilla	8	8	4	6	63.401	53.788	9.573	8.386	279.2
vanilla	8	8	4	7	56.78	47.096	9.645	7.985	279.2
vanilla	8	8	4	8	57.229	47.526	9.663	10.7	279.2
vanilla	8	8	4	9	60.783	51.099	9.648	6.572	279.2
vanilla	8	8	4	10	63.397	53.262	9.76	344.941	279.2
vanilla	8	8	4	11	56.484	46.765	9.684	5.23	279.2
vanilla	8	8	4	12	74.006	64.295	9.675	5.781	279.2
regions	8	16	8	1	75.391	58.29	17.049	8.166	535.2
regions	8	16	8	2	67.591	50.419	17.116	11.011	535.2
regions	8	16	8	3	65.892	49.129	16.719	7.084	535.2
regions	8	16	8	4	66.992	50.108	16.84	9.227	535.2
regions	8	16	8	5	66.492	49.452	16.995	7.484	535.2
regions	8	16	8	6	68.619	51.638	16.933	9.107	535.2
regions	8	16	8	7	66.695	49.646	17.003	8.526	535.2
regions	8	16	8	8	71.9	52.963	18.602	292.112	535.2
regions	8	16	8	9	66.35	48.632	17.671	7.645	535.2
regions	8	16	8	10	67.32	50.258	17.018	7.344	535.2
regions	8	16	8	11	67.201	50.197	16.964	5.33	535.2
regions	8	16	8	12	66.95	50.297	16.609	7.073	535.2
vanilla	8	16	8	1	73.486	57.163	16.277	6.202	535.2
vanilla	8	16	8	2	68.808	52.328	16.419	23.665	535.2
vanilla	8	16	8	3	70.882	55.321	15.519	5.55	535.2
vanilla	8	16	8	4	70.177	54.253	15.88	6.582	535.2
vanilla	8	16	8	5	68.817	53.562	15.213	7.444	535.2
vanilla	8	16	8	6	69.613	54.165	15.406	6.833	535.2
vanilla	8	16	8	7	64.479	49.159	15.277	7.685	535.2
vanilla	8	16	8	8	66.791	51.09	15.641	28.534	535.2
vanilla	8	16	8	9	62.995	46.912	16.044	4.278	535.2
vanilla	8	16	8	10	62.87	46.934	15.894	6.672	535.2
vanilla	8	16	8	11	63.823	47.628	16.151	5.491	535.2
vanilla	8	16	8	12	66.493	50.387	16.064	5.751	535.2
regions	8	32	16	1	86.412	60.07	26.275	12.223	1047.2
regions	8	32	16	2	89.676	63.516	26.091	11.232	1047.3
regions	8	32	16	3	86.49	60.217	26.217	7.764	1047.3
regions	8	32	16	4	92.9	66.599	26.243	8.055	1047.3
regions	8	32	16	5	93.046	66.747	26.245	7.525	1047.3
regions	8	32	16	6	92.266	65.92	26.278	21.801	1047.3
regions	8	32	16	7	88.118	61.139	26.912	6.512	1047.3
regions	8	32	16	8	88.68	61.905	26.705	7.805	1047.3
regions	8	32	16	9	87.672	61.041	26.562	8.185	1047.3
regions	8	32	16	10	90.24	63.792	26.393	9.237	1047.3
regions	8	32	16	11	92.039	63.983	27.99	7.384	1047.3
regions	8	32	16	12	97.39	70.653	26.675	8.476	1047.3
vanilla	8	32	16	1	91.091	65.906	25.124	11.672	1047.2
vanilla	8	32	16	2	85.98	61.522	24.388	16.461	1047.3
vanilla	8	32	16	3	82.005	57.651	24.295	7.624	1047.3
vanilla	8	32	16	4	83.106	58.779	24.274	7.604	1047.3
vanilla	8	32	16	5	80.591	56.124	24.413	9.458	1047.3
vanilla	8	32	16	6	86.227	61.672	24.487	20.268	1047.3
vanilla	8	32	16	7	83.727	59.274	24.402	6.122	1047.3
vanilla	8	32	16	8	79.782	55.286	24.446	7.084	1047.3
vanilla	8	32	16	9	82.014	57.565	24.395	7.103	1047.3
vanilla	8	32	16	10	77.262	52.772	24.435	8.286	1047.3
vanilla	8	32	16	11	85.917	61.269	24.594	6.873	1047.3
vanilla	8	32	16	12	76.784	52.175	24.557	7.715	1047.3
vanilla	9	1	1	1	48.634	44.343	4.259	5.13	55.1
vanilla	9	1	1	2	42.103	37.488	4.562	20.579	55.1
vanilla	9	1	1	3	40.039	35.908	4.099	5.67	55.1
vanilla	9	1	1	4	39.95	35.784	4.137	6.382	55.1
vanilla	9	1	1	5	39.604	35.589	3.986	5.701	55.1
vanilla	9	1	1	6	39.669	35.64	3.997	6.753	55.1
vanilla	9	1	1	7	39.597	35.557	4.01	5.37	55.1
vanilla	9	1	1	8	39.545	35.542	3.973	5.801	55.1
vanilla	9	1	1	9	39.359	35.374	3.954	6.281	55.1
vanilla	9	1	1	10	39.424	35.441	3.952	6.012	55.1
vanilla	9	1	1	11	39.404	35.424	3.949	6.602	55.1
vanilla	9	1	1	12	39.476	35.444	3.999	6.121	55.1
regions	9	1	1	1	48.405	44.331	4.046	4.599	55.1
regions	9	1	1	2	42.74	38.137	4.551	20.869	55.1
regions	9	1	1	3	39.835	35.771	4.035	5.28	55.1
regions	9	1	1	4	39.824	35.737	4.058	6.512	55.1
regions	9	1	1	5	39.998	35.938	4.029	6.793	55.1
regions	9	1	1	6	40.008	35.929	4.05	7.394	55.1
regions	9	1	1	7	39.909	35.857	4.02	8.285	55.1
regions	9	1	1	8	39.963	35.921	4.012	7.574	55.1
regions	9	1	1	9	39.818	35.834	3.953	7.474	55.1
regions	9	1	1	10	39.874	35.898	3.945	7.624	55.1
regions	9	1	1	11	39.808	35.83	3.947	7.464	55.1
regions	9	1	1	12	39.943	35.89	4.02	6.863	55.1
vanilla	9	4	2	1	61.607	54.046	7.517	7.093	151.1
vanilla	9	4	2	2	57.743	49.874	7.806	23.053	151.1
vanilla	9	4	2	3	56.452	48.968	7.448	7.404	151.1
vanilla	9	4	2	4	56.16	48.617	7.508	6.452	151.1
vanilla	9	4	2	5	56.736	49.219	7.481	6.843	151.1
vanilla	9	4	2	6	56.933	49.423	7.477	5.631	151.1
vanilla	9	4	2	7	56.807	49.246	7.528	5.971	151.1
vanilla	9	4	2	8	57.129	49.581	7.515	5.871	151.1
vanilla	9	4	2	9	56.722	49.154	7.529	7.113	151.1
vanilla	9	4	2	10	56.486	48.971	7.471	18.164	151.1
vanilla	9	4	2	11	56.587	49.083	7.471	4.659	151.1
vanilla	9	4	2	12	56.386	48.88	7.474	5.019	151.1
regions	9	4	2	1	58.805	51.48	7.287	10.46	151.1
regions	9	4	2	2	59.262	51.751	7.463	11.131	151.1
regions	9	4	2	3	58.641	51.316	7.289	7.795	151.1
regions	9	4	2	4	58.136	50.828	7.273	9.007	151.1
regions	9	4	2	5	58.094	50.749	7.311	7.344	151.1
regions	9	4	2	6	58.123	50.797	7.292	8.025	151.1
regions	9	4	2	7	57.951	50.485	7.43	8.637	151.1
regions	9	4	2	8	57.833	50.493	7.307	8.405	151.1
regions	9	4	2	9	57.939	50.632	7.259	20.509	151.1
regions	9	4	2	10	57.591	50.202	7.357	5.07	151.1
regions	9	4	2	11	57.52	50.223	7.265	5.651	151.1
regions	9	4	2	12	57.633	50.238	7.363	6.001	151.1
vanilla	9	8	4	1	65.751	56.23	9.476	6.322	279.2
vanilla	9	8	4	2	59.28	49.831	9.394	12.243	279.2
vanilla	9	8	4	3	56.73	47.289	9.402	7.194	279.2
vanilla	9	8	4	4	57.321	47.886	9.398	6.913	279.2
vanilla	9	8	4	5	56.538	47.066	9.434	7.825	279.2
vanilla	9	8	4	6	63.65	54.203	9.408	7.925	279.2
vanilla	9	8	4	7	56.854	47.354	9.461	7.644	279.2
vanilla	9	8	4	8	78.575	69.112	9.424	7.163	279.2
vanilla	9	8	4	9	57.659	48.115	9.503	7.364	279.2
vanilla	9	8	4	10	57.311	47.759	9.498	21.961	279.2
vanilla	9	8	4	11	60.738	51.183	9.52	4.599	279.2
vanilla	9	8	4	12	57.693	48.181	9.477	5.44	279.2
regions	9	8	4	1	67.884	57.632	10.213	7.414	279.2
regions	9	8	4	2	60.201	50.074	10.076	9.578	279.2
regions	9	8	4	3	59.561	49.334	10.189	6.453	279.2
regions	9	8	4	4	59.634	49.356	10.241	6.222	279.2
regions	9	8	4	5	59.495	49.168	10.283	7.184	279.2
regions	9	8	4	6	59.094	48.741	10.311	7.564	279.2
regions	9	8	4	7	61.512	51.119	10.354	7.414	279.2
regions	9	8	4	8	58.789	48.373	10.377	7.484	279.2
regions	9	8	4	9	60.813	50.352	10.42	9.248	279.2
regions	9	8	4	10	60.287	49.806	10.424	27.622	279.2
regions	9	8	4	11	59.565	49.086	10.442	5.791	279.2
regions	9	8	4	12	62.386	51.966	10.381	5.4	279.2
vanilla	9	16	8	1	70.27	54.469	15.757	8.587	535.2
vanilla	9	16	8	2	70.602	54.565	15.98	15.95	535.2
vanilla	9	16	8	3	67.156	51.533	15.57	8.536	535.2
vanilla	9	16	8	4	68.054	51.95	16.069	6.392	535.2
vanilla	9	16	8	5	69.713	53.523	16.133	6.492	535.2
vanilla	9	16	8	6	70.853	54.942	15.865	8.606	535.2
vanilla	9	16	8	7	70.387	55.093	15.254	6.632	535.2
vanilla	9	16	8	8	67.102	51.8	15.223	27.852	535.2
vanilla	9	16	8	9	69.238	51.997	17.191	5.781	535.2
vanilla	9	16	8	10	67.599	51.772	15.784	7.674	535.2
vanilla	9	16	8	11	73.333	57.294	15.988	6.572	535.2
vanilla	9	16	8	12	69.09	53.413	15.636	8.436	535.2
regions	9	16	8	1	73.707	57.453	16.208	6.402	535.2
regions	9	16	8	2	67.804	50.94	16.808	14.247	535.2
regions	9	16	8	3	67.65	50.71	16.894	7.043	535.2
regions	9	16	8	4	66.426	49.429	16.952	7.465	535.2
regions	9	16	8	5	66.299	49.367	16.888	7.093	535.2
regions	9	16	8	6	66.422	49.41	16.967	7.644	535.2
regions	9	16	8	7	67.59	50.547	16.996	9.788	535.2
regions	9	16	8	8	66.511	49.504	16.944	27.963	535.2
regions	9	16	8	9	68.31	51.277	16.99	6.192	535.2
regions	9	16	8	10	66.43	49.346	17.039	5.279	535.2
regions	9	16	8	11	67.786	50.79	16.956	5.521	535.2
regions	9	16	8	12	67.846	50.745	17.06	4.87	535.2
vanilla	9	32	16	1	90.446	65.649	24.738	10.319	1047.2
vanilla	9	32	16	2	83.223	58.349	24.803	13.225	1047.3
vanilla	9	32	16	3	81.798	56.946	24.795	6.473	1047.3
vanilla	9	32	16	4	83.232	58.318	24.86	7.143	1047.3
vanilla	9	32	16	5	85.655	60.687	24.916	6.613	1047.3
vanilla	9	32	16	6	82.407	57.175	25.158	29.416	1047.3
vanilla	9	32	16	7	80.6	55.488	25.059	7.474	1047.3
vanilla	9	32	16	8	84.707	59.521	25.133	8.096	1047.3
vanilla	9	32	16	9	85.751	60.541	25.16	6.803	1047.3
vanilla	9	32	16	10	85.032	59.826	25.154	6.712	1047.3
vanilla	9	32	16	11	84.286	59.067	25.169	6.312	1047.3
vanilla	9	32	16	12	79.669	54.371	25.227	14.327	1047.3
regions	9	32	16	1	100.777	74.385	26.321	17.333	1047.2
regions	9	32	16	2	90.885	64.657	26.158	13.154	1047.3
regions	9	32	16	3	88.122	61.84	26.222	8.055	1047.3
regions	9	32	16	4	88.51	62.137	26.303	15.339	1047.3
regions	9	32	16	5	86.395	60.111	26.228	8.596	1047.3
regions	9	32	16	6	88.564	62.119	26.376	20.498	1047.3
regions	9	32	16	7	89.585	63.116	26.414	8.556	1047.3
regions	9	32	16	8	85.3	58.894	26.352	7.865	1047.3
regions	9	32	16	9	92.723	67.298	25.373	7.635	1047.3
regions	9	32	16	10	87.541	61.088	26.4	7.444	1047.3
regions	9	32	16	11	89.453	63.038	26.36	7.053	1047.3
regions	9	32	16	12	88.371	61.865	26.45	8.055	1047.3
regions	10	1	1	1	49.045	44.847	4.172	3.206	55.1
regions	10	1	1	2	42.595	37.966	4.58	12.323	55.1
regions	10	1	1	3	40.585	36.371	4.183	3.266	55.1
regions	10	1	1	4	41.169	36.922	4.218	3.076	55.1
regions	10	1	1	5	40.856	36.638	4.188	3.828	55.1
regions	10	1	1	6	40.721	36.454	4.237	3.908	55.1
regions	10	1	1	7	40.891	36.794	4.069	4.328	55.1
regions	10	1	1	8	40.45	36.399	4.023	3.957	55.1
regions	10	1	1	9	40.706	36.69	3.988	4.148	55.1
regions	10	1	1	10	40.407	36.339	4.04	3.987	55.1
regions	10	1	1	11	39.903	35.885	3.99	4.378	55.1
regions	10	1	1	12	39.582	35.533	4.021	4.038	55.1
vanilla	10	1	1	1	48.798	44.3	4.47	3.566	55.1
vanilla	10	1	1	2	42.256	37.633	4.58	10.519	55.1
vanilla	10	1	1	3	40.32	36.181	4.111	2.976	55.1
vanilla	10	1	1	4	39.776	35.678	4.071	3.516	55.1
vanilla	10	1	1	5	39.845	35.768	4.049	3.957	55.1
vanilla	10	1	1	6	40.097	36.012	4.057	3.737	55.1
vanilla	10	1	1	7	39.806	35.817	3.961	3.767	55.1
vanilla	10	1	1	8	39.866	35.809	4.029	4.749	55.1
vanilla	10	1	1	9	39.736	35.771	3.936	3.928	55.1
vanilla	10	1	1	10	39.972	35.96	3.984	4.038	55.1
vanilla	10	1	1	11	39.734	35.759	3.947	4.288	55.1
vanilla	10	1	1	12	39.692	35.683	3.981	3.917	55.1
regions	10	4	2	1	58.164	50.618	7.509	10.42	151.1
regions	10	4	2	2	58.959	51.327	7.573	22.914	151.1
regions	10	4	2	3	57.763	50.313	7.415	8.206	151.1
regions	10	4	2	4	57.778	50.253	7.491	7.003	151.1
regions	10	4	2	5	58.063	50.574	7.455	8.075	151.1
regions	10	4	2	6	57.597	50.084	7.48	7.995	151.1
regions	10	4	2	7	57.854	50.311	7.509	7.955	151.1
regions	10	4	2	8	57.944	50.35	7.549	7.755	151.1
regions	10	4	2	9	57.704	50.201	7.465	8.036	151.1
regions	10	4	2	10	57.843	50.326	7.467	21.851	151.1
regions	10	4	2	11	57.792	50.282	7.476	5.591	151.1
regions	10	4	2	12	60.423	52.835	7.548	4.909	151.1
vanilla	10	4	2	1	56.455	48.97	7.45	7.374	151.1
vanilla	10	4	2	2	58.352	50.708	7.59	15.189	151.1
vanilla	10	4	2	3	56.168	48.779	7.354	6.332	151.1
vanilla	10	4	2	4	56.278	48.854	7.39	6.352	151.1
vanilla	10	4	2	5	56.237	48.769	7.434	7.094	151.1
vanilla	10	4	2	6	56.611	49.171	7.402	6.573	151.1
vanilla	10	4	2	7	56.762	49.324	7.404	5.681	151.1
vanilla	10	4	2	8	56.929	49.484	7.412	7.374	151.1
vanilla	10	4	2	9	56.254	48.739	7.478	9.589	151.1
vanilla	10	4	2	10	56.402	48.88	7.475	22.542	151.1
vanilla	10	4	2	11	56.429	48.866	7.532	4.449	151.1
vanilla	10	4	2	12	57.04	49.457	7.551	4.629	151.1
regions	10	8	4	1	82.402	72.336	10.027	7.023	279.2
regions	10	8	4	2	67.345	57.481	9.804	22.652	279.2
regions	10	8	4	3	58.611	48.709	9.863	7.234	279.2
regions	10	8	4	4	57.977	48.024	9.918	7.123	279.2
regions	10	8	4	5	58.66	48.674	9.953	7.735	279.2
regions	10	8	4	6	62.494	52.354	10.106	5.841	279.2
regions	10	8	4	7	59.33	49.286	10.008	7.464	279.2
regions	10	8	4	8	58.733	48.758	9.945	6.552	279.2
regions	10	8	4	9	60.686	50.533	10.116	5.009	279.2
regions	10	8	4	10	65.197	54.997	10.133	28.213	279.2
regions	10	8	4	11	81.403	71.194	10.17	5.441	279.2
regions	10	8	4	12	68.844	58.67	10.139	4.739	279.2
vanilla	10	8	4	1	67.718	56.88	10.788	8.205	279.2
vanilla	10	8	4	2	61.196	50.915	10.225	16.401	279.2
vanilla	10	8	4	3	57.16	47.467	9.66	7.434	279.2
vanilla	10	8	4	4	57.829	47.69	10.092	5.821	279.2
vanilla	10	8	4	5	57.099	47.238	9.819	7.053	279.2
vanilla	10	8	4	6	56.718	46.91	9.763	6.873	279.2
vanilla	10	8	4	7	75.94	66.207	9.687	8.787	279.2
vanilla	10	8	4	8	64.504	54.518	9.933	6.352	279.2
vanilla	10	8	4	9	56.397	46.564	9.755	38.954	279.2
vanilla	10	8	4	10	57.475	47.51	9.924	5.37	279.2
vanilla	10	8	4	11	57.469	47.661	9.767	5.841	279.2
vanilla	10	8	4	12	66.122	56.362	9.721	6.191	279.2
regions	10	16	8	1	74.095	57.433	16.613	9.669	535.2
regions	10	16	8	2	67.166	50.589	16.523	10.66	535.2
regions	10	16	8	3	69.65	53.059	16.544	6.532	535.2
regions	10	16	8	4	65.316	48.635	16.641	6.642	535.2
regions	10	16	8	5	68.244	51.578	16.627	6.392	535.2
regions	10	16	8	6	68.096	51.46	16.594	6.903	535.2
regions	10	16	8	7	66.178	49.507	16.629	8.667	535.2
regions	10	16	8	8	66.796	50.045	16.688	28.815	535.2
regions	10	16	8	9	67.309	50.975	16.291	5.33	535.2
regions	10	16	8	10	67.681	50.909	16.732	6.011	535.2
regions	10	16	8	11	67.296	50.538	16.716	6.462	535.2
regions	10	16	8	12	71.685	54.916	16.728	7.505	535.2
vanilla	10	16	8	1	69.544	53.408	16.083	9.568	535.2
vanilla	10	16	8	2	65.182	49.123	15.999	14.718	535.2
vanilla	10	16	8	3	65.463	49.399	16.023	6.362	535.2
vanilla	10	16	8	4	64.947	48.91	15.996	7.164	535.2
vanilla	10	16	8	5	65.232	49.162	16.02	7.054	535.2
vanilla	10	16	8	6	68.356	52.128	16.177	7.734	535.2
vanilla	10	16	8	7	69.091	53.682	15.355	7.695	535.2
vanilla	10	16	8	8	63.659	47.404	16.213	6.111	535.2
vanilla	10	16	8	9	64.399	48.224	16.111	29.336	535.2
vanilla	10	16	8	10	68.589	53.014	15.53	4.759	535.2
vanilla	10	16	8	11	66.457	50.179	16.235	6.011	535.2
vanilla	10	16	8	12	64.989	48.695	16.254	6.201	535.2
regions	10	32	16	1	106.494	80.407	26.029	9.729	1047.2
regions	10	32	16	2	86.99	60.081	26.834	13.475	1047.3
regions	10	32	16	3	89.735	63.542	26.129	8.405	1047.3
regions	10	32	16	4	90.658	64.284	26.304	8.767	1047.3
regions	10	32	16	5	86.899	60.58	26.261	9.618	1047.3
regions	10	32	16	6	89.867	63.332	26.449	22.783	1047.3
regions	10	32	16	7	87.368	60.227	27.065	9.257	1047.3
regions	10	32	16	8	88.227	61.668	26.496	8.326	1047.3
regions	10	32	16	9	90.792	64.074	26.654	7.224	1047.3
regions	10	32	16	10	85.187	58.48	26.64	7.294	1047.3
regions	10	32	16	11	90.066	63.439	26.556	9.518	1047.3
regions	10	32	16	12	90.478	63.689	26.718	9.127	1047.3
vanilla	10	32	16	1	100.556	75.855	24.645	6.081	1047.2
vanilla	10	32	16	2	89.609	64.973	24.561	13.245	1047.3
vanilla	10	32	16	3	82.212	57.187	24.957	7.514	1047.3
vanilla	10	32	16	4	77.326	52.651	24.62	7.324	1047.3
vanilla	10	32	16	5	82.366	57.572	24.721	7.434	1047.3
vanilla	10	32	16	6	82.98	58.129	24.779	27.362	1047.3
vanilla	10	32	16	7	86.581	61.609	24.919	7.394	1047.3
vanilla	10	32	16	8	83.156	58.101	25.004	7.103	1047.3
vanilla	10	32	16	9	86.146	61.076	25.018	6.563	1047.3
vanilla	10	32	16	10	83.077	58.113	24.902	8.206	1047.3
vanilla	10	32	16	11	80.473	55.435	24.983	8.426	1047.3
vanilla	10	32	16	12	82.651	57.634	24.966	7.304	1047.3
