# binary	round	cost	value	unit	samples
vanilla	1	store_disarmed	0.3273	ns/store	0.4102,0.4095,0.3273,0.3281,0.409,0.409,0.3281,0.3274
vanilla	1	construct_two	7.014	ns/object	7.014,7.194,7.294,7.35,7.472,7.639,7.413,7.497
vanilla	1	construct_shared	3.573	ns/object	3.579,3.62,3.583,3.647,3.573,3.683,3.626,3.624
vanilla	1	box_twin	3.861	ns/object	3.934,3.924,3.881,3.926,3.861,3.913,3.883,3.93
vanilla	1	alloc_stock	2.142	ns/object	2.314,2.319,2.142,2.146,2.322,2.321,2.157,2.155
vanilla	1	stock_mark	67.69	ms/collection	
regions_stock	1	store_disarmed	0.4075	ns/store	0.4081,0.4084,0.4075,0.4099,0.4104,0.4091,0.41,0.409
regions_stock	1	construct_two	7.951	ns/object	8.18,7.992,8.027,8.01,7.951,8.043,8.118,8.041
regions_stock	1	construct_shared	3.932	ns/object	3.981,3.971,3.981,3.932,3.971,3.953,3.944,3.981
regions_stock	1	box_twin	4.165	ns/object	4.187,4.235,4.165,4.229,4.302,4.179,4.169,4.188
regions_stock	1	alloc_stock	2.443	ns/object	2.453,2.465,2.453,2.443,2.447,2.451,2.457,2.459
regions_stock	1	stock_mark	66.42	ms/collection	
regions	1	store_disarmed	0.4087	ns/store	0.4088,0.4089,0.4087,0.4096,0.4102,0.4102,0.4101,0.4097
regions	1	store_armed	1.441	ns/store	1.441,1.447,1.447,1.447,1.452,1.453,1.447,1.447
regions	1	store_region	2.001	ns/store	2.015,2.008,2.009,2.008,2.004,2.005,2.001,2.001
regions	1	window_pair	10.72	ns/pair	
regions	1	switch_pair	5.959	ns/pair	
regions	1	construct_two	10.47	ns/object	11.25,10.68,10.76,10.65,10.88,10.47,10.74,10.63
regions	1	construct_shared	6.245	ns/object	6.428,6.267,6.245,6.498,6.504,6.25,6.246,6.454
regions	1	box_twin	6.388	ns/object	6.398,6.432,6.407,6.411,6.419,6.43,6.388,6.394
regions	1	alloc_stock	5.551	ns/object	5.557,5.639,5.631,5.687,5.626,5.672,5.636,5.551
regions	1	alloc_region	3.983	ns/object	3.985,3.991,4.2,3.989,4.001,3.983,4.199,3.984
regions	1	reset_slice	30.0	ns/reset	
regions	1	reset_slice_checked	2795.0	ns/reset	
regions	1	stock_mark	68.56	ms/collection	
regions	2	store_disarmed	0.4065	ns/store	0.4074,0.4085,0.4065,0.4095,0.4098,0.4092,0.4095,0.4097
regions	2	store_armed	1.44	ns/store	1.44,1.443,1.445,1.444,1.444,1.444,1.444,1.444
regions	2	store_region	1.998	ns/store	2.004,1.998,2.001,2.0,2.0,2.0,1.998,1.998
regions	2	window_pair	10.91	ns/pair	
regions	2	switch_pair	5.952	ns/pair	
regions	2	construct_two	10.52	ns/object	10.87,10.73,10.62,10.83,10.86,10.67,10.79,10.52
regions	2	construct_shared	6.205	ns/object	6.398,6.227,6.205,6.431,6.413,6.24,6.227,6.449
regions	2	box_twin	6.352	ns/object	6.352,6.376,6.371,6.388,6.391,6.394,6.409,6.434
regions	2	alloc_stock	3.478	ns/object	3.503,3.495,3.5,3.534,3.529,3.48,3.478,3.496
regions	2	alloc_region	3.983	ns/object	3.989,3.988,4.203,3.999,3.998,3.983,4.215,3.99
regions	2	reset_slice	30.0	ns/reset	
regions	2	reset_slice_checked	2745.0	ns/reset	
regions	2	stock_mark	66.47	ms/collection	
regions_stock	2	store_disarmed	0.4066	ns/store	0.4083,0.4082,0.4066,0.4093,0.4089,0.409,0.4096,0.4088
regions_stock	2	construct_two	7.896	ns/object	8.231,7.896,7.901,8.006,7.897,7.943,7.9,8.014
regions_stock	2	construct_shared	3.934	ns/object	4.042,3.934,3.947,3.972,3.994,3.985,4.003,3.993
regions_stock	2	box_twin	4.098	ns/object	4.328,4.098,4.113,4.098,4.127,4.127,4.137,4.152
regions_stock	2	alloc_stock	2.429	ns/object	2.444,2.44,2.43,2.429,2.439,2.448,2.431,2.45
regions_stock	2	stock_mark	66.29	ms/collection	
vanilla	2	store_disarmed	0.3207	ns/store	0.4068,0.4067,0.3207,0.3232,0.4083,0.4076,0.3233,0.3237
vanilla	2	construct_two	7.073	ns/object	7.073,7.603,7.634,7.582,7.475,7.51,7.551,7.502
vanilla	2	construct_shared	3.618	ns/object	3.618,3.699,3.711,3.695,3.711,3.696,3.716,3.719
vanilla	2	box_twin	3.898	ns/object	3.898,4.114,4.11,4.144,4.176,4.133,4.114,4.116
vanilla	2	alloc_stock	2.151	ns/object	2.495,2.343,2.151,2.161,2.365,2.363,2.161,2.157
vanilla	2	stock_mark	65.29	ms/collection	
vanilla	3	store_disarmed	0.3209	ns/store	0.4064,0.4068,0.3209,0.3226,0.4083,0.4079,0.3236,0.3233
vanilla	3	construct_two	7.172	ns/object	7.172,7.237,7.309,7.28,7.242,7.224,7.282,7.295
vanilla	3	construct_shared	3.577	ns/object	3.736,3.589,3.577,3.62,3.676,3.691,3.614,3.629
vanilla	3	box_twin	3.903	ns/object	4.142,3.906,3.927,3.929,3.912,3.903,3.919,3.943
vanilla	3	alloc_stock	2.139	ns/object	2.344,2.315,2.145,2.162,2.305,2.315,2.146,2.139
vanilla	3	stock_mark	65.67	ms/collection	
regions_stock	3	store_disarmed	0.4154	ns/store	0.4166,0.4181,0.4154,0.4193,0.4183,0.4186,0.4181,0.418
regions_stock	3	construct_two	7.727	ns/object	7.727,7.937,7.917,7.952,7.955,8.014,8.031,8.003
regions_stock	3	construct_shared	3.919	ns/object	3.936,3.945,3.919,3.962,3.945,3.94,3.94,3.925
regions_stock	3	box_twin	4.15	ns/object	4.177,4.15,4.161,4.171,4.164,4.153,4.198,5.107
regions_stock	3	alloc_stock	2.441	ns/object	2.445,2.449,2.456,2.445,2.446,2.441,2.45,2.446
regions_stock	3	stock_mark	66.57	ms/collection	
regions	3	store_disarmed	0.4061	ns/store	0.4072,0.4081,0.4061,0.4094,0.4092,0.4089,0.4093,0.4099
regions	3	store_armed	1.441	ns/store	1.441,1.441,1.445,1.443,1.445,1.444,1.443,1.444
regions	3	store_region	1.997	ns/store	2.001,1.999,1.998,2.001,2.0,2.0,1.997,1.997
regions	3	window_pair	10.9	ns/pair	
regions	3	switch_pair	5.949	ns/pair	
regions	3	construct_two	10.43	ns/object	10.78,10.43,10.8,10.49,10.91,10.69,10.69,10.48
regions	3	construct_shared	6.234	ns/object	6.373,6.234,6.239,6.407,6.441,6.235,6.263,6.493
regions	3	box_twin	6.354	ns/object	6.438,6.354,6.437,6.441,6.46,6.587,6.446,6.442
regions	3	alloc_stock	3.549	ns/object	3.742,3.728,3.55,3.552,3.549,3.552,3.742,3.561
regions	3	alloc_region	3.982	ns/object	4.09,3.982,4.198,3.987,3.989,3.989,4.2,3.987
regions	3	reset_slice	30.0	ns/reset	
regions	3	reset_slice_checked	2755.0	ns/reset	
regions	3	stock_mark	68.1	ms/collection	
regions	4	store_disarmed	0.4059	ns/store	0.4069,0.4086,0.4059,0.4098,0.4088,0.4089,0.4091,0.4092
regions	4	store_armed	1.441	ns/store	1.441,1.441,1.445,1.443,1.444,1.444,1.444,1.443
regions	4	store_region	1.995	ns/store	2.011,2.007,1.999,2.0,2.0,1.995,1.997,2.004
regions	4	window_pair	10.9	ns/pair	
regions	4	switch_pair	5.951	ns/pair	
regions	4	construct_two	10.38	ns/object	10.92,10.47,10.69,10.38,10.78,10.49,10.79,10.4
regions	4	construct_shared	6.219	ns/object	6.385,6.219,6.249,6.44,6.444,6.228,6.256,6.428
regions	4	box_twin	6.384	ns/object	6.422,6.422,6.384,6.41,6.385,6.4,6.408,6.423
regions	4	alloc_stock	3.519	ns/object	3.713,3.519,3.526,3.528,3.533,3.722,3.527,3.529
regions	4	alloc_region	3.982	ns/object	3.982,4.0,4.205,3.994,3.992,3.985,4.201,4.003
regions	4	reset_slice	30.0	ns/reset	
regions	4	reset_slice_checked	2725.0	ns/reset	
regions	4	stock_mark	67.09	ms/collection	
regions_stock	4	store_disarmed	0.4153	ns/store	0.4163,0.4171,0.4153,0.4187,0.4183,0.4185,0.418,0.4187
regions_stock	4	construct_two	7.743	ns/object	7.743,7.906,7.88,7.872,7.939,7.982,8.075,7.97
regions_stock	4	construct_shared	3.948	ns/object	3.958,3.971,3.95,3.95,3.963,3.949,3.994,3.948
regions_stock	4	box_twin	4.14	ns/object	4.143,4.14,4.152,4.142,4.156,4.154,4.151,4.143
regions_stock	4	alloc_stock	2.417	ns/object	2.435,2.426,2.425,2.417,2.422,2.423,2.424,2.423
regions_stock	4	stock_mark	66.73	ms/collection	
vanilla	4	store_disarmed	0.3299	ns/store	0.4081,0.4089,0.3329,0.3299,0.4073,0.4063,0.3315,0.3334
vanilla	4	construct_two	7.031	ns/object	7.031,7.202,7.32,7.272,7.227,7.25,7.458,7.312
vanilla	4	construct_shared	3.585	ns/object	3.597,3.585,3.61,3.593,3.627,3.631,3.618,3.622
vanilla	4	box_twin	3.885	ns/object	3.885,3.933,3.944,3.964,3.958,3.972,3.941,3.966
vanilla	4	alloc_stock	2.169	ns/object	2.326,2.378,2.169,2.182,2.371,2.367,2.178,2.176
vanilla	4	stock_mark	65.86	ms/collection	
vanilla	5	store_disarmed	0.3242	ns/store	0.4063,0.407,0.3242,0.3266,0.4078,0.4081,0.326,0.3265
vanilla	5	construct_two	6.9	ns/object	6.9,7.373,7.255,7.153,7.182,7.515,7.38,7.418
vanilla	5	construct_shared	3.59	ns/object	3.633,3.59,3.598,3.628,3.659,3.685,3.663,3.625
vanilla	5	box_twin	3.87	ns/object	3.87,3.876,3.891,3.952,3.921,3.896,3.893,3.902
vanilla	5	alloc_stock	2.161	ns/object	2.366,2.329,2.161,2.246,2.336,2.338,2.162,2.176
vanilla	5	stock_mark	65.67	ms/collection	
regions_stock	5	store_disarmed	0.4063	ns/store	0.4073,0.4081,0.4063,0.4093,0.409,0.4094,0.4088,0.4085
regions_stock	5	construct_two	7.846	ns/object	7.846,8.015,7.968,7.938,8.105,8.041,7.961,7.961
regions_stock	5	construct_shared	3.951	ns/object	3.971,3.951,3.984,3.974,3.99,3.964,3.976,3.959
regions_stock	5	box_twin	4.113	ns/object	4.113,4.12,4.13,4.143,4.182,4.201,4.195,4.194
regions_stock	5	alloc_stock	2.427	ns/object	2.437,2.434,2.436,2.434,2.432,2.427,2.427,2.432
regions_stock	5	stock_mark	67.46	ms/collection	
regions	5	store_disarmed	0.407	ns/store	0.4078,0.4086,0.407,0.4097,0.4091,0.4092,0.4093,0.4094
regions	5	store_armed	1.44	ns/store	1.44,1.441,1.442,1.443,1.443,1.443,1.443,1.444
regions	5	store_region	1.996	ns/store	1.996,1.996,2.004,2.0,2.0,2.001,1.998,2.0
regions	5	window_pair	10.9	ns/pair	
regions	5	switch_pair	5.949	ns/pair	
regions	5	construct_two	10.4	ns/object	10.95,10.75,11.1,10.42,10.7,10.4,10.66,10.63
regions	5	construct_shared	6.17	ns/object	6.342,6.17,6.206,6.388,6.377,6.208,6.204,6.476
regions	5	box_twin	6.345	ns/object	6.374,6.345,6.346,6.345,6.367,6.393,6.389,6.372
regions	5	alloc_stock	3.398	ns/object	3.525,3.508,3.512,3.518,3.489,3.398,3.479,3.473
regions	5	alloc_region	3.977	ns/object	3.977,3.986,4.2,3.981,3.998,3.983,4.211,3.989
regions	5	reset_slice	30.0	ns/reset	
regions	5	reset_slice_checked	2725.0	ns/reset	
regions	5	stock_mark	67.22	ms/collection	
regions	6	store_disarmed	0.407	ns/store	0.4071,0.4082,0.407,0.4092,0.4093,0.4087,0.4088,0.4088
regions	6	store_armed	1.44	ns/store	1.44,1.441,1.443,1.444,1.444,1.444,1.443,1.445
regions	6	store_region	1.993	ns/store	1.993,1.998,2.001,1.995,1.998,1.996,2.001,1.996
regions	6	window_pair	10.9	ns/pair	
regions	6	switch_pair	5.95	ns/pair	
regions	6	construct_two	10.42	ns/object	10.77,10.46,10.46,10.42,10.82,10.56,10.76,10.7
regions	6	construct_shared	6.258	ns/object	6.447,6.258,6.284,6.501,6.431,6.297,6.29,6.493
regions	6	box_twin	6.383	ns/object	6.447,6.45,6.456,6.446,6.383,6.405,6.385,6.392
regions	6	alloc_stock	3.464	ns/object	3.56,3.464,3.483,3.489,3.493,3.486,3.502,3.492
regions	6	alloc_region	3.977	ns/object	4.017,3.977,4.197,4.008,3.988,3.978,4.237,3.977
regions	6	reset_slice	30.0	ns/reset	
regions	6	reset_slice_checked	2766.0	ns/reset	
regions	6	stock_mark	67.62	ms/collection	
regions_stock	6	store_disarmed	0.407	ns/store	0.4079,0.4077,0.407,0.4088,0.4092,0.4092,0.4096,0.409
regions_stock	6	construct_two	7.989	ns/object	7.989,8.479,8.397,8.38,8.448,8.35,8.399,8.548
regions_stock	6	construct_shared	4.052	ns/object	4.052,4.177,4.218,4.219,4.219,4.23,4.213,4.213
regions_stock	6	box_twin	4.229	ns/object	4.229,4.474,4.461,4.497,4.517,4.494,4.48,4.485
regions_stock	6	alloc_stock	2.425	ns/object	2.45,2.432,2.428,2.429,2.431,2.438,2.425,2.427
regions_stock	6	stock_mark	66.86	ms/collection	
vanilla	6	store_disarmed	0.3211	ns/store	0.4059,0.4064,0.3211,0.3217,0.4079,0.4071,0.3239,0.3234
vanilla	6	construct_two	6.964	ns/object	6.964,7.213,7.383,7.36,7.521,7.429,7.8,7.442
vanilla	6	construct_shared	3.663	ns/object	3.671,3.699,3.695,3.708,3.675,3.663,3.698,3.805
vanilla	6	box_twin	3.9	ns/object	3.93,3.962,3.987,4.003,3.988,3.997,3.919,3.9
vanilla	6	alloc_stock	2.142	ns/object	2.346,2.317,2.142,2.149,2.315,2.325,2.144,2.153
vanilla	6	stock_mark	64.93	ms/collection	
vanilla	7	store_disarmed	0.3218	ns/store	0.4066,0.4063,0.3218,0.3234,0.4078,0.4081,0.3234,0.3239
vanilla	7	construct_two	7.022	ns/object	7.022,7.279,7.303,7.221,7.302,7.25,7.272,7.282
vanilla	7	construct_shared	3.613	ns/object	3.613,3.643,3.635,3.63,3.63,3.646,3.636,3.644
vanilla	7	box_twin	3.923	ns/object	4.128,3.923,3.951,3.994,4.007,4.008,4.069,4.029
vanilla	7	alloc_stock	2.145	ns/object	2.43,2.33,2.15,2.15,2.316,2.322,2.151,2.145
vanilla	7	stock_mark	64.83	ms/collection	
regions_stock	7	store_disarmed	0.406	ns/store	0.4074,0.4082,0.406,0.4094,0.409,0.4082,0.4088,0.4085
regions_stock	7	construct_two	7.823	ns/object	7.823,7.92,7.965,7.893,7.988,7.892,7.974,8.204
regions_stock	7	construct_shared	3.963	ns/object	4.02,3.966,3.988,3.963,4.012,3.977,3.998,4.004
regions_stock	7	box_twin	4.181	ns/object	4.181,4.608,4.617,4.618,4.58,4.625,4.562,4.556
regions_stock	7	alloc_stock	2.43	ns/object	2.437,2.437,2.437,2.43,2.431,2.431,2.438,2.444
regions_stock	7	stock_mark	67.86	ms/collection	
regions	7	store_disarmed	0.4074	ns/store	0.4084,0.4081,0.4074,0.4093,0.4096,0.4091,0.4087,0.4094
regions	7	store_armed	1.44	ns/store	1.44,1.441,1.443,1.442,1.443,1.442,1.442,1.443
regions	7	store_region	1.992	ns/store	1.992,2.0,1.997,1.998,1.994,2.004,1.994,1.999
regions	7	window_pair	10.89	ns/pair	
regions	7	switch_pair	5.945	ns/pair	
regions	7	construct_two	10.22	ns/object	10.61,10.43,10.57,10.54,10.57,10.46,10.82,10.22
regions	7	construct_shared	6.192	ns/object	6.375,6.192,6.206,6.406,6.415,6.198,6.237,6.423
regions	7	box_twin	6.328	ns/object	6.332,6.34,6.328,6.342,6.363,6.388,6.387,6.534
regions	7	alloc_stock	3.379	ns/object	3.422,3.391,3.432,3.408,3.382,3.379,3.446,3.395
regions	7	alloc_region	3.979	ns/object	3.979,3.988,4.205,3.987,4.017,3.994,4.201,3.984
regions	7	reset_slice	30.0	ns/reset	
regions	7	reset_slice_checked	2735.0	ns/reset	
regions	7	stock_mark	66.45	ms/collection	
regions	8	store_disarmed	0.4066	ns/store	0.4074,0.4078,0.4066,0.4092,0.4087,0.4094,0.4088,0.4088
regions	8	store_armed	1.44	ns/store	1.44,1.441,1.444,1.443,1.443,1.443,1.443,1.443
regions	8	store_region	1.993	ns/store	1.999,1.997,1.996,2.001,1.993,1.999,1.999,2.004
regions	8	window_pair	10.91	ns/pair	
regions	8	switch_pair	5.95	ns/pair	
regions	8	construct_two	10.15	ns/object	10.72,10.31,10.44,10.26,10.71,10.42,10.69,10.15
regions	8	construct_shared	6.174	ns/object	6.391,6.223,6.27,6.359,6.368,6.179,6.174,6.464
regions	8	box_twin	6.327	ns/object	6.342,6.327,6.352,6.348,6.351,6.349,6.341,6.378
regions	8	alloc_stock	3.428	ns/object	3.644,3.601,3.666,3.48,3.428,3.624,3.477,3.449
regions	8	alloc_region	3.978	ns/object	4.129,3.983,4.216,3.995,3.984,3.983,4.197,3.978
regions	8	reset_slice	30.0	ns/reset	
regions	8	reset_slice_checked	2756.0	ns/reset	
regions	8	stock_mark	66.76	ms/collection	
regions_stock	8	store_disarmed	0.4061	ns/store	0.4075,0.4081,0.4061,0.4094,0.4091,0.4087,0.4089,0.4093
regions_stock	8	construct_two	7.753	ns/object	7.753,7.96,8.001,8.0,8.004,8.067,8.075,8.093
regions_stock	8	construct_shared	3.911	ns/object	4.045,3.982,3.911,3.98,4.009,3.995,3.981,3.979
regions_stock	8	box_twin	4.194	ns/object	4.198,4.194,4.196,4.208,4.225,4.231,4.281,4.212
regions_stock	8	alloc_stock	2.438	ns/object	2.448,2.447,2.447,2.442,2.438,2.444,2.455,2.457
regions_stock	8	stock_mark	67.33	ms/collection	
vanilla	8	store_disarmed	0.3208	ns/store	0.4064,0.4065,0.3208,0.609,0.4066,0.4079,0.3231,0.3232
vanilla	8	construct_two	7.238	ns/object	7.436,7.238,7.421,7.38,7.477,7.385,7.531,7.417
vanilla	8	construct_shared	3.648	ns/object	3.69,3.658,3.648,3.739,3.724,3.668,3.693,3.66
vanilla	8	box_twin	3.958	ns/object	3.977,3.981,3.958,3.985,3.999,4.068,4.011,4.027
vanilla	8	alloc_stock	2.155	ns/object	2.37,2.454,2.165,2.163,2.343,2.345,2.157,2.155
vanilla	8	stock_mark	65.9	ms/collection	
vanilla	9	store_disarmed	0.321	ns/store	0.4061,0.4071,0.321,0.3228,0.4086,0.4074,0.3227,0.3228
vanilla	9	construct_two	6.986	ns/object	6.986,7.323,7.34,7.328,7.36,7.555,7.367,7.345
vanilla	9	construct_shared	3.622	ns/object	3.698,3.659,3.625,3.632,3.689,3.642,3.622,3.629
vanilla	9	box_twin	3.885	ns/object	3.885,3.92,3.906,4.175,3.942,3.942,3.971,3.98
vanilla	9	alloc_stock	2.145	ns/object	2.328,2.326,2.145,2.145,2.319,2.326,2.146,2.145
vanilla	9	stock_mark	65.73	ms/collection	
regions_stock	9	store_disarmed	0.4066	ns/store	0.4074,0.4082,0.4066,0.4092,0.4086,0.4087,0.4091,0.409
regions_stock	9	construct_two	7.821	ns/object	7.821,7.983,7.958,8.061,8.019,8.047,8.06,8.119
regions_stock	9	construct_shared	3.973	ns/object	4.004,4.023,4.026,3.982,4.042,3.996,3.973,4.026
regions_stock	9	box_twin	4.197	ns/object	4.211,4.226,4.282,4.197,4.22,4.251,4.256,4.302
regions_stock	9	alloc_stock	2.442	ns/object	2.452,2.457,2.454,2.45,2.465,2.467,2.442,2.451
regions_stock	9	stock_mark	67.72	ms/collection	
regions	9	store_disarmed	0.407	ns/store	0.4074,0.4078,0.407,0.4094,0.4092,0.4085,0.4088,0.4089
regions	9	store_armed	1.439	ns/store	1.439,1.441,1.442,1.442,1.442,1.442,1.442,1.442
regions	9	store_region	1.992	ns/store	2.003,1.992,1.993,1.996,2.002,1.997,1.996,1.996
regions	9	window_pair	10.9	ns/pair	
regions	9	switch_pair	5.944	ns/pair	
regions	9	construct_two	10.26	ns/object	10.74,10.5,10.78,10.6,10.73,10.42,10.69,10.26
regions	9	construct_shared	6.239	ns/object	6.419,6.239,6.268,6.44,6.427,6.246,6.25,6.462
regions	9	box_twin	6.462	ns/object	6.508,6.498,6.594,6.462,6.466,6.465,6.467,6.464
regions	9	alloc_stock	3.41	ns/object	3.41,3.412,3.448,3.457,3.497,3.472,3.536,3.504
regions	9	alloc_region	3.963	ns/object	3.973,3.963,4.197,3.981,3.986,3.984,4.195,3.986
regions	9	reset_slice	30.0	ns/reset	
regions	9	reset_slice_checked	2735.0	ns/reset	
regions	9	stock_mark	66.56	ms/collection	
regions	10	store_disarmed	0.4062	ns/store	0.4074,0.4082,0.4062,0.408,0.4092,0.4086,0.4087,0.4088
regions	10	store_armed	1.438	ns/store	1.438,1.44,1.443,1.443,1.443,1.443,1.443,1.442
regions	10	store_region	1.995	ns/store	1.996,1.997,1.998,2.001,1.995,1.998,1.998,2.002
regions	10	window_pair	10.89	ns/pair	
regions	10	switch_pair	5.947	ns/pair	
regions	10	construct_two	10.52	ns/object	10.87,10.52,10.72,10.75,10.83,10.65,10.78,10.58
regions	10	construct_shared	6.281	ns/object	6.441,6.283,6.286,6.494,6.459,6.282,6.281,6.451
regions	10	box_twin	6.329	ns/object	6.329,6.395,6.388,6.441,6.457,6.484,6.413,6.424
regions	10	alloc_stock	3.492	ns/object	3.609,3.499,3.492,3.707,3.527,3.67,3.681,3.514
regions	10	alloc_region	3.973	ns/object	3.973,3.977,4.177,3.988,3.993,3.978,4.198,3.976
regions	10	reset_slice	30.0	ns/reset	
regions	10	reset_slice_checked	2735.0	ns/reset	
regions	10	stock_mark	68.05	ms/collection	
regions_stock	10	store_disarmed	0.4067	ns/store	0.4081,0.4083,0.4067,0.4096,0.4091,0.4088,0.4094,0.4089
regions_stock	10	construct_two	7.915	ns/object	8.022,8.231,8.003,8.13,7.939,7.915,8.051,8.078
regions_stock	10	construct_shared	4.007	ns/object	4.045,4.007,4.03,4.046,4.041,4.045,4.04,4.038
regions_stock	10	box_twin	4.215	ns/object	4.215,4.22,4.23,4.253,4.296,4.298,4.251,4.264
regions_stock	10	alloc_stock	2.435	ns/object	2.454,2.435,2.451,2.448,2.459,2.461,2.456,2.461
regions_stock	10	stock_mark	66.75	ms/collection	
vanilla	10	store_disarmed	0.3225	ns/store	0.4064,0.4066,0.3226,0.3229,0.4075,0.4075,0.3235,0.3225
vanilla	10	construct_two	6.993	ns/object	6.993,7.306,7.341,7.361,7.548,7.361,7.496,7.582
vanilla	10	construct_shared	3.59	ns/object	3.59,3.675,3.661,3.678,3.64,3.633,3.695,3.633
vanilla	10	box_twin	3.938	ns/object	3.956,3.973,3.961,3.983,3.976,3.956,3.949,3.938
vanilla	10	alloc_stock	2.143	ns/object	2.32,2.369,2.167,2.143,2.316,2.335,2.149,2.165
vanilla	10	stock_mark	65.52	ms/collection	
vanilla	11	store_disarmed	0.3216	ns/store	0.4062,0.4062,0.3216,0.323,0.4083,0.4073,0.3233,0.3222
vanilla	11	construct_two	7.019	ns/object	7.019,7.351,7.393,7.442,7.348,7.548,7.653,7.407
vanilla	11	construct_shared	3.66	ns/object	3.667,3.699,3.706,3.692,3.704,3.66,3.71,3.706
vanilla	11	box_twin	3.941	ns/object	3.941,3.968,4.119,3.991,3.987,3.99,3.991,3.978
vanilla	11	alloc_stock	2.161	ns/object	2.341,2.383,2.177,2.175,2.325,2.356,2.161,2.166
vanilla	11	stock_mark	65.41	ms/collection	
regions_stock	11	store_disarmed	0.406	ns/store	0.4071,0.4079,0.406,0.4092,0.4088,0.4084,0.4086,0.4085
regions_stock	11	construct_two	7.794	ns/object	7.794,8.026,8.02,7.971,8.033,7.994,8.034,8.029
regions_stock	11	construct_shared	3.988	ns/object	4.019,3.988,4.115,4.06,4.083,4.027,4.023,4.04
regions_stock	11	box_twin	4.161	ns/object	4.165,4.161,4.173,4.186,4.206,4.222,4.224,4.202
regions_stock	11	alloc_stock	2.421	ns/object	2.432,2.421,2.422,2.423,2.421,2.423,2.428,2.436
regions_stock	11	stock_mark	66.8	ms/collection	
regions	11	store_disarmed	0.4053	ns/store	0.4067,0.4073,0.4053,0.4083,0.4086,0.4085,0.4089,0.4088
regions	11	store_armed	1.439	ns/store	1.439,1.441,1.444,1.443,1.443,1.442,1.442,1.442
regions	11	store_region	1.992	ns/store	2.008,2.0,2.004,1.992,2.002,1.995,1.998,1.999
regions	11	window_pair	10.89	ns/pair	
regions	11	switch_pair	5.946	ns/pair	
regions	11	construct_two	10.41	ns/object	10.79,10.46,10.67,10.41,10.89,10.64,10.57,10.63
regions	11	construct_shared	6.291	ns/object	6.482,6.312,6.299,6.473,6.461,6.297,6.291,6.494
regions	11	box_twin	6.454	ns/object	6.475,6.455,6.475,6.476,6.468,6.734,6.47,6.454
regions	11	alloc_stock	3.421	ns/object	3.434,3.421,3.496,3.517,3.468,3.432,3.467,3.461
regions	11	alloc_region	3.982	ns/object	3.982,3.984,4.199,3.995,3.989,3.994,4.201,3.985
regions	11	reset_slice	30.0	ns/reset	
regions	11	reset_slice_checked	2816.0	ns/reset	
regions	11	stock_mark	67.19	ms/collection	
regions	12	store_disarmed	0.4062	ns/store	0.4073,0.4083,0.4062,0.4098,0.4088,0.4085,0.4088,0.4087
regions	12	store_armed	1.44	ns/store	1.44,1.441,1.444,1.443,1.443,1.442,1.441,1.441
regions	12	store_region	1.993	ns/store	2.001,2.0,1.995,2.0,1.999,1.993,1.997,2.003
regions	12	window_pair	10.9	ns/pair	
regions	12	switch_pair	5.95	ns/pair	
regions	12	construct_two	10.3	ns/object	10.96,10.59,10.46,10.71,10.6,10.3,10.78,10.79
regions	12	construct_shared	6.277	ns/object	6.445,6.277,6.321,6.485,6.545,6.287,6.305,6.474
regions	12	box_twin	6.406	ns/object	6.406,6.478,6.473,6.495,6.477,6.49,6.496,6.456
regions	12	alloc_stock	3.486	ns/object	3.728,3.709,3.498,3.513,3.498,3.64,3.486,3.486
regions	12	alloc_region	3.993	ns/object	3.996,3.993,4.208,4.015,4.002,3.998,4.251,4.01
regions	12	reset_slice	30.0	ns/reset	
regions	12	reset_slice_checked	2745.0	ns/reset	
regions	12	stock_mark	66.76	ms/collection	
regions_stock	12	store_disarmed	0.4057	ns/store	0.4067,0.4077,0.4057,0.4087,0.4086,0.4087,0.4086,0.4089
regions_stock	12	construct_two	7.694	ns/object	7.694,7.852,7.893,7.894,7.949,7.868,7.966,8.013
regions_stock	12	construct_shared	3.917	ns/object	3.98,3.941,3.958,3.95,3.951,3.919,3.917,3.948
regions_stock	12	box_twin	4.113	ns/object	4.115,4.113,4.134,4.129,4.147,4.171,4.157,4.176
regions_stock	12	alloc_stock	2.432	ns/object	2.456,2.443,2.437,2.432,2.437,2.438,2.436,2.451
regions_stock	12	stock_mark	67.24	ms/collection	
vanilla	12	store_disarmed	0.3206	ns/store	0.4061,0.4063,0.3206,0.3225,0.4087,0.4073,0.3228,0.3232
vanilla	12	construct_two	7.139	ns/object	7.314,7.469,7.139,7.193,7.194,7.203,7.269,7.264
vanilla	12	construct_shared	3.597	ns/object	3.638,3.63,3.602,3.597,3.619,3.66,3.648,3.649
vanilla	12	box_twin	3.914	ns/object	3.914,3.923,3.925,3.986,3.955,4.026,4.08,4.151
vanilla	12	alloc_stock	2.155	ns/object	2.363,2.359,2.157,2.16,2.354,2.358,2.155,2.161
vanilla	12	stock_mark	66.18	ms/collection	
vanilla	13	store_disarmed	0.3224	ns/store	0.4063,0.4069,0.3224,0.3246,0.4084,0.4071,0.3249,0.3245
vanilla	13	construct_two	7.006	ns/object	7.006,7.169,7.237,7.223,7.245,7.249,7.541,7.277
vanilla	13	construct_shared	3.61	ns/object	3.61,3.648,3.699,3.67,3.641,3.654,3.668,3.663
vanilla	13	box_twin	3.92	ns/object	3.943,3.948,3.956,3.938,3.92,3.953,3.948,3.951
vanilla	13	alloc_stock	2.15	ns/object	2.338,2.365,2.157,2.153,2.324,2.359,2.15,2.152
vanilla	13	stock_mark	65.25	ms/collection	
regions_stock	13	store_disarmed	0.4148	ns/store	0.4158,0.4171,0.4148,0.4181,0.417,0.4177,0.4175,0.4176
regions_stock	13	construct_two	7.773	ns/object	7.773,8.271,8.107,8.703,8.019,7.99,8.004,7.997
regions_stock	13	construct_shared	3.941	ns/object	3.983,3.964,4.003,3.941,3.991,3.977,3.961,3.961
regions_stock	13	box_twin	4.12	ns/object	4.205,4.126,4.122,4.145,4.139,4.12,4.149,4.156
regions_stock	13	alloc_stock	2.427	ns/object	2.443,2.446,2.522,2.563,2.439,2.448,2.503,2.427
regions_stock	13	stock_mark	65.91	ms/collection	
regions	13	store_disarmed	0.4064	ns/store	0.407,0.4083,0.4064,0.4094,0.4093,0.4094,0.4088,0.409
regions	13	store_armed	1.439	ns/store	1.439,1.441,1.443,1.444,1.444,1.443,1.444,1.444
regions	13	store_region	1.993	ns/store	1.998,1.996,1.993,1.998,1.993,1.997,1.995,1.998
regions	13	window_pair	10.89	ns/pair	
regions	13	switch_pair	5.945	ns/pair	
regions	13	construct_two	10.46	ns/object	10.63,10.5,10.83,10.66,10.78,10.46,10.83,10.46
regions	13	construct_shared	6.2	ns/object	6.363,6.2,6.231,6.426,6.409,6.247,6.209,6.465
regions	13	box_twin	6.357	ns/object	6.448,6.438,6.407,6.378,6.374,6.382,6.39,6.357
regions	13	alloc_stock	3.394	ns/object	3.488,3.412,3.492,3.408,3.445,3.394,3.441,3.435
regions	13	alloc_region	3.98	ns/object	3.98,3.981,4.194,3.984,3.997,3.991,4.244,3.988
regions	13	reset_slice	40.0	ns/reset	
regions	13	reset_slice_checked	2785.0	ns/reset	
regions	13	stock_mark	66.8	ms/collection	
regions	14	store_disarmed	0.4065	ns/store	0.4073,0.4077,0.4065,0.4091,0.4096,0.4093,0.4092,0.4091
regions	14	store_armed	1.439	ns/store	1.439,1.441,1.443,1.443,1.443,1.443,1.442,1.443
regions	14	store_region	1.995	ns/store	2.011,1.995,2.002,2.001,2.005,2.001,1.997,1.999
regions	14	window_pair	10.86	ns/pair	
regions	14	switch_pair	5.948	ns/pair	
regions	14	construct_two	10.53	ns/object	10.66,10.64,10.95,10.58,10.8,10.89,10.65,10.53
regions	14	construct_shared	6.194	ns/object	6.366,6.24,6.27,6.444,6.429,6.194,6.245,6.423
regions	14	box_twin	6.337	ns/object	6.364,6.337,6.509,6.465,6.416,6.366,6.388,6.442
regions	14	alloc_stock	3.493	ns/object	3.493,3.525,3.517,3.507,3.52,3.5,3.529,3.497
regions	14	alloc_region	3.967	ns/object	3.977,4.0,4.195,3.967,3.987,3.99,4.195,3.982
regions	14	reset_slice	30.0	ns/reset	
regions	14	reset_slice_checked	2785.0	ns/reset	
regions	14	stock_mark	67.87	ms/collection	
regions_stock	14	store_disarmed	0.4062	ns/store	0.407,0.4074,0.4062,0.409,0.409,0.4084,0.4087,0.4085
regions_stock	14	construct_two	7.917	ns/object	8.173,8.037,8.028,7.917,8.02,7.971,8.022,7.964
regions_stock	14	construct_shared	3.922	ns/object	3.96,3.952,3.922,3.943,3.958,3.951,3.953,3.984
regions_stock	14	box_twin	4.163	ns/object	4.195,4.163,4.219,4.186,4.304,4.208,4.185,4.166
regions_stock	14	alloc_stock	2.441	ns/object	2.453,2.442,2.457,2.447,2.441,2.446,2.45,2.446
regions_stock	14	stock_mark	66.7	ms/collection	
vanilla	14	store_disarmed	0.324	ns/store	0.4063,0.4066,0.324,0.3253,0.4079,0.4077,0.3267,0.3275
vanilla	14	construct_two	6.927	ns/object	6.927,7.221,7.362,7.287,7.309,7.542,7.397,7.34
vanilla	14	construct_shared	3.602	ns/object	3.637,3.602,3.615,3.602,3.611,3.603,3.626,3.625
vanilla	14	box_twin	3.885	ns/object	3.885,3.898,3.903,3.944,3.885,3.899,3.896,3.919
vanilla	14	alloc_stock	2.147	ns/object	2.363,2.36,2.154,2.147,2.309,2.356,2.152,2.157
vanilla	14	stock_mark	66.6	ms/collection	
vanilla	15	store_disarmed	0.3254	ns/store	0.4066,0.4065,0.3254,0.3262,0.4076,0.4074,0.3269,0.3259
vanilla	15	construct_two	7.077	ns/object	7.077,7.225,7.253,7.216,7.221,7.307,7.302,7.302
vanilla	15	construct_shared	3.593	ns/object	3.618,3.593,3.622,3.611,3.623,3.618,3.605,3.627
vanilla	15	box_twin	3.881	ns/object	3.881,3.903,3.93,3.957,3.907,3.999,3.922,3.963
vanilla	15	alloc_stock	2.144	ns/object	2.339,2.325,2.144,2.15,2.341,2.339,2.145,2.15
vanilla	15	stock_mark	65.12	ms/collection	
regions_stock	15	store_disarmed	0.4067	ns/store	0.4077,0.4086,0.4067,0.4096,0.409,0.409,0.4095,0.4093
regions_stock	15	construct_two	7.68	ns/object	7.68,8.102,8.073,8.039,8.109,8.058,8.203,8.569
regions_stock	15	construct_shared	3.871	ns/object	3.871,3.906,3.904,3.917,3.95,3.924,3.925,3.924
regions_stock	15	box_twin	4.032	ns/object	4.032,4.125,4.147,4.147,4.126,4.157,4.183,4.163
regions_stock	15	alloc_stock	2.421	ns/object	2.425,2.43,2.429,2.425,2.421,2.443,2.436,2.421
regions_stock	15	stock_mark	67.31	ms/collection	
regions	15	store_disarmed	0.4059	ns/store	0.4073,0.408,0.4059,0.4097,0.4093,0.4085,0.4087,0.4091
regions	15	store_armed	1.44	ns/store	1.44,1.441,1.445,1.444,1.444,1.444,1.443,1.444
regions	15	store_region	1.996	ns/store	1.996,1.997,1.996,2.0,2.003,1.998,2.001,2.006
regions	15	window_pair	10.7	ns/pair	
regions	15	switch_pair	5.95	ns/pair	
regions	15	construct_two	10.31	ns/object	10.7,10.48,10.78,10.31,10.85,10.53,10.83,10.77
regions	15	construct_shared	6.231	ns/object	6.451,6.274,6.231,6.47,6.478,6.312,6.278,6.452
regions	15	box_twin	6.428	ns/object	6.428,6.433,6.43,6.444,6.444,6.493,6.554,6.495
regions	15	alloc_stock	3.384	ns/object	3.641,3.384,3.593,3.397,3.565,3.393,3.466,3.439
regions	15	alloc_region	3.975	ns/object	3.976,3.975,4.195,3.994,4.014,3.99,4.202,3.983
regions	15	reset_slice	30.0	ns/reset	
regions	15	reset_slice_checked	2805.0	ns/reset	
regions	15	stock_mark	67.52	ms/collection	
regions	16	store_disarmed	0.4149	ns/store	0.416,0.4173,0.4149,0.4181,0.4181,0.4188,0.4176,0.4181
regions	16	store_armed	1.44	ns/store	1.44,1.441,1.443,1.443,1.443,1.442,1.442,1.441
regions	16	store_region	1.993	ns/store	1.993,2.01,2.0,1.999,1.997,1.997,1.995,1.999
regions	16	window_pair	10.9	ns/pair	
regions	16	switch_pair	5.947	ns/pair	
regions	16	construct_two	10.67	ns/object	10.76,10.67,11.01,10.8,10.71,10.7,10.75,10.73
regions	16	construct_shared	6.219	ns/object	6.483,6.273,6.219,6.43,6.434,6.254,6.278,6.483
regions	16	box_twin	6.417	ns/object	6.434,6.432,6.427,6.417,6.432,6.443,6.443,6.448
regions	16	alloc_stock	3.496	ns/object	3.496,3.562,3.565,3.531,3.524,3.523,3.534,3.529
regions	16	alloc_region	3.98	ns/object	3.98,3.98,4.196,3.984,3.986,3.98,4.196,3.982
regions	16	reset_slice	30.0	ns/reset	
regions	16	reset_slice_checked	2735.0	ns/reset	
regions	16	stock_mark	66.58	ms/collection	
regions_stock	16	store_disarmed	0.4059	ns/store	0.4071,0.4079,0.4059,0.4091,0.4085,0.4091,0.4086,0.4088
regions_stock	16	construct_two	7.908	ns/object	8.415,7.921,7.908,8.024,8.075,7.972,8.12,8.019
regions_stock	16	construct_shared	3.965	ns/object	4.015,3.966,3.978,3.977,4.003,3.965,3.965,3.98
regions_stock	16	box_twin	4.161	ns/object	4.161,4.203,4.201,4.177,4.19,4.208,4.199,4.268
regions_stock	16	alloc_stock	2.439	ns/object	2.443,2.443,2.443,2.439,2.442,2.467,2.62,2.455
regions_stock	16	stock_mark	66.92	ms/collection	
vanilla	16	store_disarmed	0.3208	ns/store	0.4062,0.4061,0.3208,0.3228,0.4083,0.4074,0.3232,0.3232
vanilla	16	construct_two	6.995	ns/object	6.995,7.23,7.279,7.19,7.237,7.407,7.367,7.38
vanilla	16	construct_shared	3.579	ns/object	3.58,3.579,3.59,3.6,3.642,3.677,3.828,3.745
vanilla	16	box_twin	3.863	ns/object	3.87,3.886,3.872,3.863,3.871,3.869,3.864,3.903
vanilla	16	alloc_stock	2.163	ns/object	2.334,2.378,2.17,4.702,2.355,2.339,2.164,2.163
vanilla	16	stock_mark	65.62	ms/collection	
vanilla	17	store_disarmed	0.3207	ns/store	0.4082,0.4086,0.3207,0.3228,0.408,0.4076,0.3229,0.322
vanilla	17	construct_two	7.013	ns/object	7.013,7.225,7.195,7.41,7.249,7.29,7.337,7.302
vanilla	17	construct_shared	3.573	ns/object	3.573,3.63,3.611,3.589,3.651,3.641,3.636,3.634
vanilla	17	box_twin	3.901	ns/object	3.901,4.225,4.236,4.243,4.169,4.196,4.196,4.209
vanilla	17	alloc_stock	2.132	ns/object	2.308,2.301,2.132,2.136,2.307,2.306,2.151,2.19
vanilla	17	stock_mark	65.61	ms/collection	
regions_stock	17	store_disarmed	0.4063	ns/store	0.4075,0.408,0.4063,0.4097,0.4093,0.4092,0.4089,0.4089
regions_stock	17	construct_two	7.863	ns/object	7.863,7.966,8.012,7.915,7.982,7.964,8.042,8.013
regions_stock	17	construct_shared	3.921	ns/object	3.987,3.938,3.921,3.931,3.985,4.117,3.948,3.93
regions_stock	17	box_twin	4.139	ns/object	4.139,4.144,4.185,4.179,4.193,4.24,4.224,4.205
regions_stock	17	alloc_stock	2.431	ns/object	2.44,2.432,2.434,2.437,2.431,2.432,2.438,2.435
regions_stock	17	stock_mark	66.4	ms/collection	
regions	17	store_disarmed	0.4059	ns/store	0.4071,0.4073,0.4059,0.4082,0.4083,0.4084,0.4085,0.4083
regions	17	store_armed	1.438	ns/store	1.438,1.44,1.443,1.442,1.442,1.442,1.442,1.442
regions	17	store_region	1.99	ns/store	1.99,1.997,1.996,2.01,2.0,2.001,2.001,2.002
regions	17	window_pair	10.9	ns/pair	
regions	17	switch_pair	5.947	ns/pair	
regions	17	construct_two	10.43	ns/object	11.11,10.52,10.71,10.43,10.52,10.58,10.58,10.45
regions	17	construct_shared	6.299	ns/object	6.544,6.366,6.316,6.475,6.48,6.303,6.299,6.52
regions	17	box_twin	6.468	ns/object	6.495,6.504,6.468,6.498,6.514,6.496,6.548,6.518
regions	17	alloc_stock	3.425	ns/object	3.631,3.425,3.64,3.636,3.463,3.577,3.65,3.633
regions	17	alloc_region	3.993	ns/object	3.994,3.993,4.255,4.014,4.024,3.998,4.212,4.0
regions	17	reset_slice	40.0	ns/reset	
regions	17	reset_slice_checked	2755.0	ns/reset	
regions	17	stock_mark	66.66	ms/collection	
regions	18	store_disarmed	0.416	ns/store	0.416,0.4169,0.4161,0.4172,0.4177,0.4179,0.4178,0.4174
regions	18	store_armed	1.44	ns/store	1.44,1.442,1.443,1.443,1.443,1.444,1.443,1.444
regions	18	store_region	1.994	ns/store	2.002,1.997,2.002,2.003,1.998,1.995,1.995,1.994
regions	18	window_pair	10.9	ns/pair	
regions	18	switch_pair	5.945	ns/pair	
regions	18	construct_two	10.16	ns/object	11.23,10.63,10.86,10.62,10.94,10.63,10.66,10.16
regions	18	construct_shared	6.168	ns/object	6.338,6.168,6.191,6.412,6.377,6.17,6.183,6.463
regions	18	box_twin	6.334	ns/object	6.334,6.394,6.337,6.336,6.336,6.365,6.424,6.463
regions	18	alloc_stock	3.407	ns/object	3.487,3.638,3.619,3.407,3.485,3.454,3.486,3.65
regions	18	alloc_region	3.979	ns/object	3.991,3.987,4.196,4.018,3.995,3.979,4.204,3.979
regions	18	reset_slice	30.0	ns/reset	
regions	18	reset_slice_checked	2745.0	ns/reset	
regions	18	stock_mark	66.59	ms/collection	
regions_stock	18	store_disarmed	0.4061	ns/store	0.4072,0.4077,0.4061,0.4084,0.4091,0.409,0.4088,0.4088
regions_stock	18	construct_two	7.844	ns/object	7.844,7.905,7.906,7.901,8.011,8.009,7.954,8.065
regions_stock	18	construct_shared	3.952	ns/object	3.976,3.976,3.952,3.989,4.043,4.013,4.116,4.058
regions_stock	18	box_twin	4.124	ns/object	4.229,4.126,4.125,4.135,4.128,4.126,4.132,4.124
regions_stock	18	alloc_stock	2.439	ns/object	2.458,2.453,2.449,2.439,2.447,2.45,2.441,2.448
regions_stock	18	stock_mark	67.51	ms/collection	
vanilla	18	store_disarmed	0.3249	ns/store	0.4064,0.4068,0.3249,0.3259,0.4076,0.4076,0.3267,0.3256
vanilla	18	construct_two	7.009	ns/object	7.009,7.256,7.367,7.349,7.408,7.46,7.414,7.391
vanilla	18	construct_shared	3.652	ns/object	3.656,3.652,3.662,3.67,3.689,3.701,3.667,3.695
vanilla	18	box_twin	3.894	ns/object	3.894,3.96,3.945,3.956,3.962,3.934,3.921,3.963
vanilla	18	alloc_stock	2.148	ns/object	2.331,2.333,2.149,2.153,2.306,2.32,2.148,2.157
vanilla	18	stock_mark	65.38	ms/collection	
vanilla	19	store_disarmed	0.3239	ns/store	0.4082,0.4068,0.3243,0.3239,0.4066,0.4066,0.3244,0.3264
vanilla	19	construct_two	6.963	ns/object	6.963,7.287,7.442,7.279,7.333,7.326,7.403,7.403
vanilla	19	construct_shared	3.637	ns/object	3.637,3.654,3.657,3.665,3.679,3.651,3.683,3.669
vanilla	19	box_twin	3.875	ns/object	3.875,4.37,4.359,4.405,4.377,4.373,4.363,4.413
vanilla	19	alloc_stock	2.156	ns/object	2.379,2.329,2.156,2.164,2.363,2.366,2.16,2.164
vanilla	19	stock_mark	66.85	ms/collection	
regions_stock	19	store_disarmed	0.4064	ns/store	0.4073,0.4084,0.4064,0.4096,0.4088,0.4089,0.4089,0.4089
regions_stock	19	construct_two	7.776	ns/object	7.776,7.982,7.928,7.923,7.927,8.051,8.016,7.972
regions_stock	19	construct_shared	3.972	ns/object	3.978,3.972,3.982,3.981,4.038,4.064,4.034,4.001
regions_stock	19	box_twin	4.164	ns/object	4.164,4.238,4.241,4.257,4.238,4.233,4.24,4.269
regions_stock	19	alloc_stock	2.442	ns/object	2.457,2.447,2.452,2.446,2.447,2.449,2.447,2.442
regions_stock	19	stock_mark	66.76	ms/collection	
regions	19	store_disarmed	0.4061	ns/store	0.4076,0.4069,0.4061,0.4079,0.4088,0.4095,0.4102,0.4102
regions	19	store_armed	1.441	ns/store	1.441,1.441,1.444,1.443,1.443,1.443,1.442,1.443
regions	19	store_region	1.993	ns/store	1.993,1.997,1.996,2.001,1.995,1.996,1.994,2.007
regions	19	window_pair	10.9	ns/pair	
regions	19	switch_pair	5.948	ns/pair	
regions	19	construct_two	10.33	ns/object	10.74,10.33,10.69,10.41,10.76,10.57,10.57,10.47
regions	19	construct_shared	6.233	ns/object	6.403,6.233,6.235,6.42,6.417,6.243,6.246,6.424
regions	19	box_twin	6.365	ns/object	6.365,6.383,6.38,6.384,6.4,6.421,6.486,6.565
regions	19	alloc_stock	3.408	ns/object	3.685,3.608,3.455,3.598,3.42,3.408,3.454,3.607
regions	19	alloc_region	3.981	ns/object	4.019,3.988,4.247,3.981,3.991,3.984,4.245,3.982
regions	19	reset_slice	40.0	ns/reset	
regions	19	reset_slice_checked	2735.0	ns/reset	
regions	19	stock_mark	66.27	ms/collection	
regions	20	store_disarmed	0.4066	ns/store	0.4075,0.4084,0.4066,0.4099,0.4096,0.4091,0.4095,0.4091
regions	20	store_armed	1.439	ns/store	1.439,1.44,1.443,1.442,1.442,1.442,1.442,1.442
regions	20	store_region	1.994	ns/store	2.0,1.999,2.003,1.994,2.017,2.003,1.996,2.0
regions	20	window_pair	10.9	ns/pair	
regions	20	switch_pair	5.95	ns/pair	
regions	20	construct_two	10.47	ns/object	10.72,10.6,10.77,10.71,10.78,10.47,10.87,10.92
regions	20	construct_shared	6.29	ns/object	6.472,6.29,6.301,6.522,6.462,6.298,6.315,6.526
regions	20	box_twin	6.458	ns/object	6.474,6.526,6.473,6.739,6.474,6.458,6.536,6.522
regions	20	alloc_stock	3.526	ns/object	3.543,3.559,3.55,3.55,3.536,3.531,3.526,3.549
regions	20	alloc_region	3.983	ns/object	3.983,3.984,4.201,4.002,3.989,3.986,4.253,3.983
regions	20	reset_slice	30.0	ns/reset	
regions	20	reset_slice_checked	2765.0	ns/reset	
regions	20	stock_mark	66.47	ms/collection	
regions_stock	20	store_disarmed	0.4063	ns/store	0.4071,0.4083,0.4063,0.4093,0.4086,0.4086,0.409,0.4088
regions_stock	20	construct_two	7.848	ns/object	7.848,8.007,7.914,7.932,8.098,8.214,7.951,7.921
regions_stock	20	construct_shared	3.911	ns/object	3.967,3.935,3.934,3.921,3.934,3.936,3.911,3.931
regions_stock	20	box_twin	4.117	ns/object	4.117,4.125,4.133,4.124,4.139,4.143,4.158,4.151
regions_stock	20	alloc_stock	2.417	ns/object	2.436,2.417,2.429,2.426,2.427,2.426,2.43,2.428
regions_stock	20	stock_mark	66.06	ms/collection	
vanilla	20	store_disarmed	0.3212	ns/store	0.4065,0.4068,0.3212,0.3235,0.4073,0.4078,0.3234,0.3229
vanilla	20	construct_two	7.003	ns/object	7.003,7.23,7.734,7.329,7.355,7.424,7.532,7.398
vanilla	20	construct_shared	3.576	ns/object	3.671,3.661,3.621,3.576,3.649,3.611,3.589,3.62
vanilla	20	box_twin	3.851	ns/object	4.065,3.892,4.048,3.891,3.851,3.89,3.925,3.898
vanilla	20	alloc_stock	2.154	ns/object	2.487,2.36,2.163,2.154,2.349,2.347,2.155,2.154
vanilla	20	stock_mark	64.92	ms/collection	
vanilla	21	store_disarmed	0.3195	ns/store	0.4061,0.4067,0.3195,0.3222,0.4085,0.4077,0.3225,0.323
vanilla	21	construct_two	6.996	ns/object	6.996,7.162,7.39,7.321,7.45,7.592,7.218,7.344
vanilla	21	construct_shared	3.585	ns/object	3.674,3.588,3.589,3.585,3.671,3.596,3.59,3.633
vanilla	21	box_twin	3.901	ns/object	4.035,3.943,3.946,3.902,3.911,3.901,3.946,3.935
vanilla	21	alloc_stock	2.142	ns/object	2.33,2.325,2.145,2.144,2.32,2.342,2.143,2.142
vanilla	21	stock_mark	65.38	ms/collection	
regions_stock	21	store_disarmed	0.4062	ns/store	0.4071,0.4078,0.4062,0.4089,0.4086,0.4091,0.4094,0.4093
regions_stock	21	construct_two	7.927	ns/object	7.927,8.021,7.934,7.948,7.989,8.003,7.969,8.062
regions_stock	21	construct_shared	3.941	ns/object	4.039,3.943,3.952,3.941,3.967,3.976,3.941,3.945
regions_stock	21	box_twin	4.092	ns/object	4.092,4.144,4.15,4.169,4.217,4.161,4.138,4.145
regions_stock	21	alloc_stock	2.432	ns/object	2.437,2.435,2.438,2.435,2.443,2.435,2.438,2.432
regions_stock	21	stock_mark	66.06	ms/collection	
regions	21	store_disarmed	0.4064	ns/store	0.4074,0.4085,0.4064,0.4095,0.4089,0.4089,0.409,0.4095
regions	21	store_armed	1.44	ns/store	1.44,1.441,1.444,1.444,1.444,1.446,1.444,1.445
regions	21	store_region	1.995	ns/store	1.995,1.995,2.0,1.995,1.997,1.998,1.999,1.995
regions	21	window_pair	10.9	ns/pair	
regions	21	switch_pair	5.949	ns/pair	
regions	21	construct_two	10.21	ns/object	10.71,10.21,10.59,10.76,10.65,10.39,10.77,10.65
regions	21	construct_shared	6.184	ns/object	6.343,6.204,6.223,6.38,6.369,6.184,6.253,6.429
regions	21	box_twin	6.348	ns/object	6.39,6.348,6.397,6.359,6.386,6.399,6.625,6.348
regions	21	alloc_stock	3.495	ns/object	3.54,3.524,3.533,3.53,3.545,3.504,3.495,3.523
regions	21	alloc_region	3.98	ns/object	3.987,3.99,4.204,3.998,3.997,3.98,4.219,3.987
regions	21	reset_slice	30.0	ns/reset	
regions	21	reset_slice_checked	2755.0	ns/reset	
regions	21	stock_mark	67.12	ms/collection	
regions	22	store_disarmed	0.4062	ns/store	0.407,0.4083,0.4062,0.409,0.4088,0.4088,0.4091,0.409
regions	22	store_armed	1.44	ns/store	1.44,1.442,1.444,1.444,1.445,1.444,1.443,1.444
regions	22	store_region	1.995	ns/store	1.997,1.998,2.062,1.995,2.0,2.001,2.061,1.995
regions	22	window_pair	10.92	ns/pair	
regions	22	switch_pair	5.947	ns/pair	
regions	22	construct_two	10.29	ns/object	10.72,10.29,10.69,10.82,10.68,10.47,10.93,10.83
regions	22	construct_shared	6.174	ns/object	6.374,6.36,6.174,6.357,6.363,6.189,6.181,6.389
regions	22	box_twin	6.382	ns/object	6.387,6.491,6.442,6.42,6.382,6.42,6.393,6.385
regions	22	alloc_stock	3.386	ns/object	3.519,3.386,3.492,3.493,3.453,3.45,3.471,3.524
regions	22	alloc_region	3.975	ns/object	3.98,3.975,4.2,3.981,3.984,3.98,4.195,3.98
regions	22	reset_slice	30.0	ns/reset	
regions	22	reset_slice_checked	2725.0	ns/reset	
regions	22	stock_mark	67.12	ms/collection	
regions_stock	22	store_disarmed	0.406	ns/store	0.4073,0.4082,0.406,0.4095,0.409,0.4088,0.4086,0.4089
regions_stock	22	construct_two	7.896	ns/object	7.912,8.191,7.955,7.896,7.947,7.95,8.008,8.057
regions_stock	22	construct_shared	3.913	ns/object	3.958,3.969,3.913,3.951,3.945,3.944,3.951,3.953
regions_stock	22	box_twin	4.127	ns/object	4.158,4.129,4.127,4.152,4.166,4.177,4.167,4.162
regions_stock	22	alloc_stock	2.441	ns/object	2.453,2.458,2.451,2.453,2.452,2.444,2.449,2.441
regions_stock	22	stock_mark	67.71	ms/collection	
vanilla	22	store_disarmed	0.322	ns/store	0.4064,0.4063,0.322,0.3245,0.4081,0.4081,0.325,0.3247
vanilla	22	construct_two	7.036	ns/object	7.036,7.242,7.237,7.241,7.275,7.271,7.281,7.277
vanilla	22	construct_shared	3.602	ns/object	3.602,3.622,3.618,3.619,3.654,3.641,3.633,3.688
vanilla	22	box_twin	3.944	ns/object	3.944,4.33,4.299,4.32,4.349,4.321,4.304,4.311
vanilla	22	alloc_stock	2.153	ns/object	2.354,2.343,2.16,2.158,2.325,2.339,2.155,2.153
vanilla	22	stock_mark	66.05	ms/collection	
vanilla	23	store_disarmed	0.3211	ns/store	0.4063,0.4067,0.3211,0.3237,0.4078,0.4077,0.3232,0.3235
vanilla	23	construct_two	7.033	ns/object	7.033,7.424,7.355,7.25,7.388,7.465,7.218,7.294
vanilla	23	construct_shared	3.591	ns/object	3.595,3.609,3.621,3.634,3.591,3.642,3.672,3.612
vanilla	23	box_twin	3.918	ns/object	3.935,3.934,3.94,3.944,3.935,3.963,3.918,3.949
vanilla	23	alloc_stock	2.148	ns/object	2.354,2.318,2.148,2.161,2.349,2.368,2.162,2.168
vanilla	23	stock_mark	64.93	ms/collection	
regions_stock	23	store_disarmed	0.4069	ns/store	0.4078,0.4082,0.4069,0.4092,0.409,0.4087,0.4096,0.4091
regions_stock	23	construct_two	7.693	ns/object	7.693,7.879,7.907,7.853,7.886,7.984,7.928,7.911
regions_stock	23	construct_shared	3.922	ns/object	3.922,3.931,4.007,3.934,4.024,3.976,3.997,3.973
regions_stock	23	box_twin	4.149	ns/object	4.149,4.39,4.171,4.174,4.187,4.162,4.162,4.171
regions_stock	23	alloc_stock	2.44	ns/object	2.452,2.441,2.456,2.452,2.443,2.446,2.442,2.44
regions_stock	23	stock_mark	66.07	ms/collection	
regions	23	store_disarmed	0.4166	ns/store	0.4175,0.4186,0.4166,0.4194,0.4195,0.4199,0.4197,0.4191
regions	23	store_armed	1.439	ns/store	1.439,1.441,1.443,1.443,1.443,1.443,1.443,1.443
regions	23	store_region	1.993	ns/store	1.993,1.995,2.003,2.0,2.005,1.997,1.996,2.005
regions	23	window_pair	10.91	ns/pair	
regions	23	switch_pair	5.949	ns/pair	
regions	23	construct_two	10.28	ns/object	10.66,10.5,10.49,10.28,10.7,10.54,10.68,10.47
regions	23	construct_shared	6.18	ns/object	6.392,6.267,6.182,6.372,6.347,6.18,6.203,6.371
regions	23	box_twin	6.333	ns/object	6.333,6.378,6.36,6.402,6.496,6.359,6.505,6.403
regions	23	alloc_stock	3.421	ns/object	3.46,3.45,3.486,3.512,3.421,3.453,3.45,3.489
regions	23	alloc_region	3.974	ns/object	3.978,3.977,4.24,3.976,3.981,3.974,4.196,4.006
regions	23	reset_slice	30.0	ns/reset	
regions	23	reset_slice_checked	2715.0	ns/reset	
regions	23	stock_mark	66.54	ms/collection	
regions	24	store_disarmed	0.4067	ns/store	0.4074,0.4089,0.4067,0.4097,0.409,0.4088,0.409,0.4086
regions	24	store_armed	1.441	ns/store	1.441,1.442,1.444,1.444,1.444,1.443,1.442,1.443
regions	24	store_region	1.995	ns/store	2.018,1.998,2.062,1.995,2.0,1.999,2.001,1.999
regions	24	window_pair	10.9	ns/pair	
regions	24	switch_pair	5.948	ns/pair	
regions	24	construct_two	10.4	ns/object	10.68,10.47,10.63,10.72,10.68,10.42,10.75,10.4
regions	24	construct_shared	6.206	ns/object	6.403,6.206,6.208,6.386,6.416,6.254,6.278,6.42
regions	24	box_twin	6.354	ns/object	6.354,6.367,6.368,6.369,6.406,6.362,6.384,6.371
regions	24	alloc_stock	3.431	ns/object	3.493,3.494,3.488,3.488,3.431,3.497,3.528,3.505
regions	24	alloc_region	3.986	ns/object	4.023,3.986,4.207,4.001,3.991,3.986,4.201,4.003
regions	24	reset_slice	30.0	ns/reset	
regions	24	reset_slice_checked	2725.0	ns/reset	
regions	24	stock_mark	67.47	ms/collection	
regions_stock	24	store_disarmed	0.4062	ns/store	0.4075,0.4083,0.4062,0.4092,0.4094,0.4091,0.4087,0.4084
regions_stock	24	construct_two	7.712	ns/object	7.712,8.226,8.211,8.119,8.146,8.217,8.197,8.223
regions_stock	24	construct_shared	3.933	ns/object	3.933,4.009,4.031,4.014,4.042,3.992,3.99,3.995
regions_stock	24	box_twin	4.113	ns/object	4.113,4.192,4.203,4.193,4.216,4.207,4.194,4.209
regions_stock	24	alloc_stock	2.422	ns/object	2.442,2.433,2.422,2.431,2.447,2.441,2.442,2.45
regions_stock	24	stock_mark	66.44	ms/collection	
vanilla	24	store_disarmed	0.3207	ns/store	0.4064,0.4068,0.3207,0.3236,0.4079,0.4078,0.3224,0.3223
vanilla	24	construct_two	7.046	ns/object	7.046,7.367,7.344,7.547,7.487,7.228,7.363,7.356
vanilla	24	construct_shared	3.582	ns/object	3.583,3.582,3.583,3.602,3.607,3.634,3.629,3.615
vanilla	24	box_twin	3.854	ns/object	3.869,3.854,3.874,3.869,3.863,3.855,3.872,3.919
vanilla	24	alloc_stock	2.147	ns/object	2.351,2.347,2.195,2.157,2.317,2.338,2.147,2.152
vanilla	24	stock_mark	65.55	ms/collection	
vanilla	25	store_disarmed	0.3205	ns/store	0.4062,0.4068,0.3205,0.3229,0.4091,0.4076,0.3236,0.3236
vanilla	25	construct_two	6.92	ns/object	6.92,7.106,7.214,7.194,7.259,7.181,7.223,7.236
vanilla	25	construct_shared	3.598	ns/object	3.837,3.6,3.6,3.598,3.621,3.666,3.646,3.657
vanilla	25	box_twin	3.988	ns/object	4.239,3.993,3.988,4.0,4.066,4.016,4.014,4.019
vanilla	25	alloc_stock	2.168	ns/object	2.37,2.37,2.176,2.172,2.354,2.378,2.178,2.168
vanilla	25	stock_mark	65.56	ms/collection	
regions_stock	25	store_disarmed	0.4063	ns/store	0.4074,0.4082,0.4063,0.4091,0.4088,0.4089,0.409,0.4089
regions_stock	25	construct_two	7.731	ns/object	7.731,7.875,7.933,7.888,8.021,7.914,7.938,7.941
regions_stock	25	construct_shared	3.89	ns/object	3.91,3.912,3.898,3.89,3.918,3.919,3.922,3.918
regions_stock	25	box_twin	4.106	ns/object	4.217,4.106,4.133,4.123,4.12,4.13,4.117,4.211
regions_stock	25	alloc_stock	2.428	ns/object	2.442,2.432,2.434,2.428,2.434,2.436,2.446,2.431
regions_stock	25	stock_mark	66.66	ms/collection	
regions	25	store_disarmed	0.3688	ns/store	0.4073,0.3688,0.4063,0.4095,0.4093,0.4094,0.4095,0.4095
regions	25	store_armed	1.441	ns/store	1.441,1.441,1.444,1.444,1.444,1.443,1.444,1.443
regions	25	store_region	1.999	ns/store	2.004,1.999,1.999,2.005,2.001,2.006,2.004,1.999
regions	25	window_pair	10.9	ns/pair	
regions	25	switch_pair	5.947	ns/pair	
regions	25	construct_two	10.2	ns/object	10.62,10.65,10.68,11.07,10.79,10.76,10.78,10.2
regions	25	construct_shared	6.177	ns/object	6.366,6.177,6.184,6.379,6.348,6.184,6.184,6.368
regions	25	box_twin	6.32	ns/object	6.367,6.32,6.346,6.33,6.336,6.341,6.347,6.336
regions	25	alloc_stock	3.427	ns/object	3.495,3.427,3.496,3.498,3.474,3.484,3.51,3.488
regions	25	alloc_region	3.98	ns/object	3.981,3.98,4.193,3.987,3.99,3.98,4.244,3.99
regions	25	reset_slice	30.0	ns/reset	
regions	25	reset_slice_checked	2785.0	ns/reset	
regions	25	stock_mark	66.31	ms/collection	
